供应商名称,商品编码,供应商旺旺号
UNIKON,13280,NA
安吉全丰竹工艺品有限公司,15418,NA
蔡永红,16138,sytonn
蔡永红,15098,sytonn
蔡永红,16174,sytonn
蔡永红,yp00,sytonn
苍南缤纷文具有限公司,16131,wwwhys
苍南缤纷文具有限公司,16038,wwwhys
苍南缤纷文具有限公司,16134,wwwhys
苍南缤纷文具有限公司,16133,wwwhys
苍南缤纷文具有限公司,15382,wwwhys
苍南缤纷文具有限公司,16132,wwwhys
苍南缤纷文具有限公司,16032,wwwhys
苍南恩赐利文具有限公司,16067,encili3
苍南县臣安工艺品厂,15404,cnca168
苍南县臣安工艺品厂,15256,cnca168
苍南县臣安工艺品厂,12222,cnca168
苍南县臣安工艺品厂,12269,cnca168
苍南县臣安工艺品厂,15237,cnca168
苍南县臣安工艺品厂,15238,cnca168
苍南县臣安工艺品厂,15144,cnca168
苍南县臣安工艺品厂,13206,cnca168
苍南县臣安工艺品厂,12213,cnca168
苍南县臣安工艺品厂,15053,cnca168
苍南县臣安工艺品厂,15031,cnca168
苍南县臣安工艺品厂,16210,cnca168
苍南县臣安工艺品厂,12002,cnca168
苍南县多立奇塑料制品厂,12264,make965189
苍南县建辉工艺厂,15381,温州建辉
苍南县建辉工艺厂,14082,温州建辉
苍南县龙港欧韩文具厂,16148,欧韩文具
苍南县龙港欧韩文具厂,16117,欧韩文具
苍南县龙港欧韩文具厂,16177,欧韩文具
苍南县龙港欧韩文具厂,16149,欧韩文具
苍南县龙港欧韩文具厂,12141,欧韩文具
苍南县龙港柒星日用品厂,16150,柒星日用品厂
苍南县龙港柒星日用品厂,15406,柒星日用品厂
苍南县龙港柒星日用品厂,16151,柒星日用品厂
苍南县龙港启宇文具制品厂,16210,ckprint
苍南县龙港雅博纸制品厂,14246,cnqkdlk
苍南县龙港镇顺盈纸塑制品厂,15374,顺盈纸塑制品厂
苍南县龙港镇旭日制罐厂,16034,龙港镇旭日制罐厂
苍南县奇彩印务有限公司,13246,苍南奇彩
苍南县奇彩印务有限公司,12284,苍南奇彩
苍南县一平艺美纸制工艺品厂,16183,polyycp
苍南县一平艺美纸制工艺品厂,14176,polyycp
苍南优佳文具商行,15383,优佳文具
苍南优佳文具商行,15364,优佳文具
苍南优佳文具商行,15396,优佳文具
苍南优佳文具商行,16032,优佳文具
苍南优佳文具商行,15332,优佳文具
苍南优佳文具商行,15245,优佳文具
苍南优佳文具商行,15382,优佳文具
苍南优佳文具商行,16038,优佳文具
苍南优佳文具商行,15239,优佳文具
苍南优佳文具商行,16071,优佳文具
常熟市妮特洁纺织品有限公司,14093,常熟妮特洁
陈镜鹏,15245,龙发文具
陈镜鹏,15233,龙发文具
陈镜鹏,15421,龙发文具
陈镜鹏,15323,龙发文具
陈镜鹏,15368,龙发文具
成都彬动商贸有限责任公司,16001,成都彬动商贸
成都彬动商贸有限责任公司,16146,成都彬动商贸
创兴包装袋商行,仓库用品,NA
慈溪市晨鑫橡胶制品有限公司,15293,NA
慈溪市范市博雷塑料制品厂,13047,cnboray01
慈溪市掌起锦慈橡胶制品厂,15305,NA
慈溪市掌起明路橡塑制品厂,15169,明路橡塑厂
慈溪市掌起明路橡塑制品厂,15160,明路橡塑厂
得力康乐专卖店,打包用品,NA
得力康乐专卖店,办公用品,NA
东创网,打包用品,NA
东莞市海洋五金制品有限公司,16096,NA
东莞市石排华宜衣架厂,13143,hzhuaweisujiao1
东阳市奇妙防护用品有限公司,13243,奇妙防护
东阳市宜美文具有限公司,15369,NA
东阳市宜美文具有限公司,15161,NA
冬之宝口罩,15061,NA
方乡月,14104,方乡月
飞豹工具上海店,打包用品,NA
丰华科技发展有限公司,14142,whfenghua
福安市艺园工艺品厂,16031,guo20100506
福安市艺园工艺品厂,16188,guo20100506
高阳县７８９纺织品经销处,15272,hengyijf
高阳县鼎力凯硕纺织品经销部,13090,hbzcvjf
高阳县中昊纺织品经销部,16028,正华家纺厂
公牛电器,日用电器,NA
公牛亮牛专卖店,插排,NA
姑苏区摩漫城亚平日用品店,15401,wei780410
姑苏区摩漫城亚平日用品店,16178,wei780410
姑苏区摩漫城亚平日用品店,15243,wei780410
姑苏区摩漫城亚平日用品店,15333,wei780410
姑苏区摩漫城亚平日用品店,12612,wei780410
姑苏区摩漫城亚平日用品店,12222,wei780410
姑苏区摩漫城亚平日用品店,12026,wei780410
姑苏区摩漫城亚平日用品店,15242,wei780410
姑苏区摩漫城亚平日用品店,12034,wei780410
灌云县下车镇爱尚家洁商行,14089,爱尚家洁日用品
广州好极商贸有限公司,15190,广州好极商贸
广州好极商贸有限公司,16008,广州好极商贸
广州好极商贸有限公司,16005,广州好极商贸
广州好极商贸有限公司,16006,广州好极商贸
广州好极商贸有限公司,15156,广州好极商贸
广州丽特皮具有限公司,15357,特洛利思1688
广州丽特皮具有限公司,15223,特洛利思1688
广州丽特皮具有限公司,15170,特洛利思1688
广州丽特皮具有限公司,16201,特洛利思1688
广州丽特皮具有限公司,16200,特洛利思1688
广州山本水册文具有限公司,15161,NA
广州市典泰工艺品有限公司,13087,yuantai778
广州市典泰工艺品有限公司,14239,yuantai778
广州市典泰工艺品有限公司,15207,yuantai778
广州市花都区新鸿饰品厂,15329,NA
广州市越秀区明利饰品店,15135,mlbobo1
广州市越秀区明利饰品店,16102,mlbobo1
广州市越秀区明利饰品店,15136,mlbobo1
广州市越秀区明利饰品店,15236,mlbobo1
广州市越秀区明利饰品店,15158,mlbobo1
广州市越秀区明利饰品店,15385,mlbobo1
广州市越秀区明利饰品店,15157,mlbobo1
广州市越秀区泽星工艺品店,15120,泽星精品店
广州腾之越电子科技有限公司,12051,NA
邗江区子璇家居用品加工厂,16207,子璇家居用品
杭州博迈包装材料有限公司,ZP016,NA
杭州利明工贸有限公司,15124,hzlmgm
杭州利明工贸有限公司,15097,hzlmgm
杭州利明工贸有限公司,15125,hzlmgm
杭州念亲恩服饰有限公司,15155,nianqinenfs
杭州怦然电子商务有限公司,16100,NA
杭州桑代电子商务有限公司,14187,桑代1688
杭州桑代电子商务有限公司,16118,桑代1688
杭州桑代电子商务有限公司,16113,桑代1688
杭州市江干区艳玲礼品店,15155,艳玲礼品店
红光包装厂,仓库用品,NA
华宸包装,打包用品,NA
黄岩南城旭日塑料厂,15399,xuriplastic
黄岩南城旭日塑料厂,仓库用品,xuriplastic
汇通纸业,仓库用品,NA
汇通纸业,打印纸12,NA
绘威旗舰店,仓库用品,NA
吉林省步纳斯袜业有限公司,16013,步纳斯袜业
济南槐荫君利红皮具商行,15292,利红化妆包批发
济南槐荫君利红皮具商行,15356,利红化妆包批发
济南槐荫君利红皮具商行,15092,利红化妆包批发
建德市泰美化妆品有限公司,15159,NA
江阴市周庄宇鹏日用品电子商务商行,14017,巾饰缘毛巾批发
揭阳市榕城区优乐汇五金贸易商行,15011,优乐汇批发
揭阳市榕城区优乐汇五金贸易商行,15030,优乐汇批发
揭阳市榕城区优乐汇五金贸易商行,15048,优乐汇批发
捷达纸业,打包用品,NA
金华市慧诺商贸有限公司,12779,jhhnsm
金华市金东区晨星日用品厂,12067,傅诗靖
金华市金东区晨星日用品厂,15415,傅诗靖
金华市金东区裕瑞丰服装商行,16027,ferry25
金华市锦田五金工具厂,12067,NA
金华市锦田五金工具厂,15312,NA
金华市锦田五金工具厂,15402,NA
缙云县永恒饰品厂,12230,梦璐饰品厂
缙云县卓越塑料制品厂,yp00,NA
玖悦日本,13280,NA
昆山乐而购商贸有限公司,16044,昆山乐而购商贸有限公司
昆山乐而购商贸有限公司,16173,昆山乐而购商贸有限公司
昆山乐而购商贸有限公司,13033,昆山乐而购商贸有限公司
昆山乐而购商贸有限公司,16045,昆山乐而购商贸有限公司
昆山乐而购商贸有限公司,16047,昆山乐而购商贸有限公司
昆山乐而购商贸有限公司,16046,昆山乐而购商贸有限公司
昆山乐而购商贸有限公司,16170,昆山乐而购商贸有限公司
昆山乐而购商贸有限公司,15409,昆山乐而购商贸有限公司
昆山乐而购商贸有限公司,16048,昆山乐而购商贸有限公司
昆山乐而购商贸有限公司,16171,昆山乐而购商贸有限公司
昆山乐而购商贸有限公司,16172,昆山乐而购商贸有限公司
昆山乐而购商贸有限公司,15150,昆山乐而购商贸有限公司
昆山乐而购商贸有限公司,13032,昆山乐而购商贸有限公司
昆山乐而购商贸有限公司,16049,昆山乐而购商贸有限公司
兰溪市萌宝服饰有限公司,15105,萌宝服饰有限公司
雷锋精神,打包用品,NA
李汉斌,15026,NA
李汉斌,15094,NA
李汉斌,13286,NA
连云港丹瑞商贸有限公司,12001,丹瑞商贸有限公司
临沂商城陈孝刚玩具商行,15121,鑫康达玩具批发
凌昊胶带,打包用品,NA
刘刚,15378,江苏创意文化
刘永杰,12130,ywyj2009
魅洁（08订货）,12098,NA
南京大天,仓库用品,NA
南京暖康贸易有限公司,14168,暖康贸易
南京雅莱居家纺有限公司,15275,yeamei
宁波安格创意设计有限公司,16097,安格创意
宁波江北艾辰户外用品有限公司,13281,mtmytrip
宁波市北仑区大\创天意模具塑料厂,16020,teammoldpigou
宁波市北仑区大\创天意模具塑料厂,16019,teammoldpigou
宁波市北仑区大\创天意模具塑料厂,16018,teammoldpigou
宁波市北仑区大\创天意模具塑料厂,16017,teammoldpigou
宁波市北仑区大\创天意模具塑料厂,14233,teammoldpigou
宁波市北仑区大\创天意模具塑料厂,15128,teammoldpigou
宁波市北仑区大\创天意模具塑料厂,16154,teammoldpigou
宁波市北仑区大\创天意模具塑料厂,16153,teammoldpigou
宁波市北仑区大\创天意模具塑料厂,16152,teammoldpigou
宁波市北仑区大\创天意模具塑料厂,16155,teammoldpigou
宁波镇海云众电子商务有限公司,13179,云众电子商务有限公司
平阳县贝特家居用品厂,13151,rslp
平阳县崇航工艺品厂,13057,pychonghang
平阳县崇航工艺品厂,12023,pychonghang
平阳县崇航工艺品厂,12316,pychonghang
平阳县崇航工艺品厂,13058,pychonghang
平阳县梵特日用品有限公司,16039,pyfante
平阳县梵特日用品有限公司,16040,pyfante
平阳县慧谷纸塑制品厂,15065,慧谷1688
平阳县洛可家居用品厂,12100,洛可家居
平阳县双吉工艺品厂,13138,pyshuangji
平阳县双吉工艺品厂,12152,pyshuangji
平阳县双吉工艺品厂,16041,pyshuangji
平阳县双吉工艺品厂,12166,pyshuangji
平阳县双吉工艺品厂,12303,pyshuangji
平阳县双吉工艺品厂,13131,pyshuangji
平阳县双吉工艺品厂,16039,pyshuangji
平阳县双吉工艺品厂,16040,pyshuangji
浦江县诚信五金塑料厂,14242,zjpjsr
浦江县茉莉家用纺织品厂,15100,胡熔杨
普宁市大坝光正茂制衣厂,12620,NA
启明包装,打包用品,NA
青岛海勤源日用品厂,15193,NA
邱水萍,15433,qsp1001
瑞安市博利工艺礼品有限公司,15029,raboli
瑞大胶带,打包用品,NA
汕头市澄海区千漫手袋厂,12024,千漫手袋厂
汕头市澄海区千漫手袋厂,12082,千漫手袋厂
汕头市澄海区千漫手袋厂,15032,千漫手袋厂
汕头市澄海区千漫手袋厂,14256,千漫手袋厂
汕头市澄海区千漫手袋厂,14067,千漫手袋厂
汕头市澄海区千漫手袋厂,12274,千漫手袋厂
汕头市澄海区千漫手袋厂,16223,千漫手袋厂
汕头市澄海区庆源工艺厂,12066,baimudan2011
上海宝聿,打包用品,NA
上海采城贸易有限公司,办公用品,NA
上海采城贸易有限公司,16072,NA
上海萃普旅游用品有限公司,14086,上海萃普
上海荷亚装饰材料有限公司,16087,NA
上海荷亚装饰材料有限公司,16105,NA
上海赫安机电科技有限公司,14215,zjmingtong1984
上海黄浦区城隍庙福佑门小商品市场九马文具店,15059,jiumawenju001
上海九骊文具礼品商行,16178,jiumawenju2010
上海扩荣贸易有限公司,15062,NA
上海联科胶粘制品有限公司,16066,联科胶粘
上海联科胶粘制品有限公司,16215,联科胶粘
上海欧塔工贸有限公司,15430,NA
上海欧塔工贸有限公司,13243,NA
上海翔南家居用品有限公司,15278,yanchengyongxin888
上海欣雪货架,仓库用品,NA
上海阳逸贸易有限公司,15424,NA
上海阳逸贸易有限公司,15425,NA
上海易旅实业有限公司,16042,易旅etravel
上海颖超装饰咨询有限公司,13093,bolatuwong
上海颖超装饰咨询有限公司,12073,bolatuwong
上海映荣商贸有限公司,16214,guguiying2012
上海越恒礼品有限公司,13056,hanyating2004
上海越恒礼品有限公司,14138,hanyating2004
上饶县联诚印花厂,16058,NA
上饶县联诚印花厂,15391,NA
上饶县联诚印花厂,15318,NA
上饶县联诚印花厂,15392,NA
上饶县联诚印花厂,16186,NA
上饶县联诚印花厂,16185,NA
上饶县联诚印花厂,15027,NA
上饶县联诚印花厂,15376,NA
上饶县联诚印花厂,16057,NA
上饶县联诚印花厂,15394,NA
z丽招(个体经营),12064,NA
邵东家天下商贸有限公司,12268,邵东家天下商贸
深泽县西三村天一家居布艺销售处,12049,liuxiaojing19870106
深圳米博科技有限公司,15178,深圳米博科技
深圳市宝安区新安立鑫硅胶制品厂,15211,立鑫硅胶
深圳市宝安区新安立鑫硅胶制品厂,15024,立鑫硅胶
深圳市福田区凯妍电子商行,16030,凯妍科技
深圳市龙岗区潮童基地服装商行,16035,NA
深圳市龙岗区潮童基地服装商行,14057,NA
深圳市龙岗区潮童基地服装商行,15398,NA
深圳市龙岗区潮童基地服装商行,15057,NA
深圳市龙岗区创彬硅胶制品厂,13142,创彬硅胶制品厂
深圳市龙岗区创彬硅胶制品厂,15431,创彬硅胶制品厂
深圳市龙岗区平湖海岸家居用品厂,15081,NA
深圳市龙岗区顺丽儿内衣批发商行,14058,顺丽儿内衣
深圳市龙岗区宇燕陶瓷工艺制作厂,16126,宇燕陶瓷
深圳市龙岗区宇燕陶瓷工艺制作厂,15063,宇燕陶瓷
深圳市名臻优品生活百货有限公司,15328,NA
深圳市名臻优品生活百货有限公司,15380,NA
深圳市南山区宏奕毅电子配件厂,15372,爱世电子配件
深圳市南山区宏奕毅电子配件厂,16030,爱世电子配件
深圳市中长成科技有限公司,15021,arvinfriend
沈青,15137,NA
沈青,15420,NA
沈青,13186,NA
沈青,14134,NA
嵊州市猫君文具网店,15426,猫君文具店
嵊州市猫君文具网店,15427,猫君文具店
苏宁易购官方旗舰店,空调,NA
睢宁县李集镇秀彤饰品加工厂,14006,秀彤饰品旗舰店
台州吉润日用品有限公司,12169,吉润jirun
台州市黄岩豪丰电子商务有限公司,15092,豪丰电商
台州市黄岩恒新日用品有限公司,13269,tzhyhengxin
台州市黄岩恒新日用品有限公司,14103,tzhyhengxin
台州市黄岩华萍生活用品有限公司,15422,chinahuaping3
台州市黄岩机敏塑料厂,16053,jmsl
台州市黄岩经纬塑业有限公司,13254,benhomes
台州市黄岩联达塑料厂,15153,lvdou515
台州市黄岩联达塑料厂,16203,lvdou515
台州市黄岩联达塑料厂,13254,lvdou515
台州市黄岩联达塑料厂,16204,lvdou515
台州市黄岩联达塑料厂,仓库用品,lvdou515
台州市黄岩暖暖日用品有限公司,15146,暖暖日用品
台州市黄岩暖暖日用品有限公司,15147,暖暖日用品
台州市黄岩万丰塑料厂,16016,万丰塑业
台州市佳诚胶粘制品有限公司,12010,台州佳诚塑胶
台州市路桥海派创意日用品有限公司,15244,海派创意
台州市路桥神六塑网厂,14043,taizhoushenliu
陶水珍,15290,NA
淘快递工,打包用品,NA
天津市红桥区智中文化用品商行,15233,智中文化用品
天色旗舰店,仓库用品,NA
贴心包装,打包用品,NA
王丙乾,16089,libope
王丙乾,16060,libope
王丙乾,16061,libope
王丙乾,16109,libope
王丙乾,16209,libope
王丙乾,13293,libope
王丙乾,15229,libope
王丙乾,15377,libope
王丙乾,16139,libope
王丙乾,16136,libope
王丙乾,16140,libope
王丙乾,16088,libope
王丙乾,16116,libope
王丙乾,16091,libope
王丙乾,14158,libope
王丙乾,16110,libope
王丙乾,16062,libope
王丙乾,16049,libope
王丙乾,16045,libope
王丙乾,15363,libope
王丙乾,16059,libope
王丙乾,16092,libope
王丙乾,16145,libope
王丙乾,16208,libope
王丙乾,15220,libope
王丙乾,12058,libope
王丙乾,15394,libope
王丙乾,15362,libope
王丙乾,13208,libope
王丙乾,16090,libope
王丙乾,13135,libope
王丙乾,12143,libope
王丙乾,16138,libope
王丙乾,16137,libope
王丙乾,12346,libope
威海韩码头电子商务有限公司,16099,NA
温州该家店家居用品有限公司,16056,cntengguang
温州该家店家居用品有限公司,12109,cntengguang
温州该家店家居用品有限公司,16055,cntengguang
温州沪深工艺礼品有限公司,yp00,hslp23
温州沐光电子商务有限公司,12141,NA
温州沐光文具礼品有限公司,12141,沐光文具
温州市新凯胜文体用品有限公司,15203,温州市新凯胜文体用品
吴波,14181,NA
吴春芳(个体经营),15137,ywguzimaizi
吴航超(个体经营),14031,文胸配件
小叶快递袋,打包用品,NA
协创优致办公专营店,办公用品,NA
新河县顺泰眼镜盒加工厂,zp006,顺泰眼镜盒加工厂
扬州市邗江黄珏宏亮绣花厂,15022,NA
扬州市维扬区保时鞋业,15284,NA
一偌包装,打包用品,NA
宜兴市宜城镇张根水五金店,16213,zhangjunlei90
宜兴市宜城镇张根水五金店,16085,zhangjunlei90
宜兴市宜城镇张根水五金店,16157,zhangjunlei90
宜兴市宜城镇张根水五金店,16050,zhangjunlei90
宜兴市宜城镇张根水五金店,16086,zhangjunlei90
宜兴市宜城镇张根水五金店,16159,zhangjunlei90
宜兴市宜城镇张根水五金店,16036,zhangjunlei90
宜兴市宜城镇张根水五金店,16081,zhangjunlei90
宜兴市宜城镇张根水五金店,16084,zhangjunlei90
宜兴市宜城镇张根水五金店,13059,zhangjunlei90
宜兴市宜城镇张根水五金店,16158,zhangjunlei90
宜兴市宜城镇张根水五金店,yp00,zhangjunlei90
宜兴市宜城镇张根水五金店,16080,zhangjunlei90
宜兴市宜城镇张根水五金店,16082,zhangjunlei90
宜兴市宜城镇张根水五金店,16087,zhangjunlei90
宜兴市宜城镇张根水五金店,16079,zhangjunlei90
宜兴市宜城镇张根水五金店,16083,zhangjunlei90
宜兴市宜城镇张根水五金店,16175,zhangjunlei90
宜兴市宜城镇张根水五金店,16078,zhangjunlei90
义乌博澳日用品有限公司,14102,博澳家居
义乌博澳日用品有限公司,12157,博澳家居
义乌博澳日用品有限公司,14085,博澳家居
义乌聚友电子商务有限公司,16023,凡叔精品
义乌聚友电子商务有限公司,12645,凡叔精品
义乌墨言电子商务有限公司,15401,ibamadi
义乌市阿甘电子商务商行,12288,youyou515
义乌市阿可巴工艺品有限公司,14208,acb1688
义乌市爱都工艺品商行,14023,NA
义乌市爱奇文具厂,16147,fenghao66668888
义乌市爱奇文具厂,16130,fenghao66668888
义乌市爱奇文具厂,yp00,fenghao66668888
义乌市奥都日用品有限公司,16002,奥都衣架
义乌市奥祥文具有限公司,16068,NA
义乌市百汇电子商务有限公司,12068,百汇电子商务贸易公司
义乌市百汇电子商务有限公司,13159,百汇电子商务贸易公司
义乌市宝轩电子商务有限公司,15420,wanggou888
义乌市宝轩电子商务有限公司,16176,wanggou888
义乌市宝轩电子商务有限公司,14134,wanggou888
义乌市宝轩电子商务有限公司,16175,wanggou888
义乌市宝轩电子商务有限公司,15020,wanggou888
义乌市宝轩电子商务有限公司,16037,wanggou888
义乌市宝轩电子商务有限公司,13094,wanggou888
义乌市宝轩电子商务有限公司,12043,wanggou888
义乌市宝轩电子商务有限公司,13186,wanggou888
义乌市宝轩电子商务有限公司,16023,wanggou888
义乌市宝轩电子商务有限公司,yp00,wanggou888
义乌市宝轩电子商务有限公司,14037,wanggou888
义乌市贝兆手套厂,16009,义乌市贝兆手套厂
义乌市标顺饰品厂,16135,义乌市标顺饰品厂
义乌市标顺饰品厂,16180,义乌市标顺饰品厂
义乌市标顺饰品厂,yp00,义乌市标顺饰品厂
义乌市标顺饰品厂,15375,义乌市标顺饰品厂
义乌市博鼎电子商务有限公司,15025,bodingdz1688
义乌市博威文具有限公司,16075,ywfzqbw
义乌市博威文具有限公司,15359,ywfzqbw
义乌市博威文具有限公司,16107,ywfzqbw
义乌市博威文具有限公司,16218,ywfzqbw
义乌市采杰电子商务商行,12162,fanyu20131688
义乌市采杰电子商务商行,14197,fanyu20131688
义乌市采杰电子商务商行,12290,fanyu20131688
义乌市采杰电子商务商行,12201,fanyu20131688
义乌市采杰电子商务商行,14107,fanyu20131688
义乌市潮冠电子商务商行,13276,娜达莎电子商务商行
义乌市潮冠电子商务商行,12594,娜达莎电子商务商行
义乌市潮冠电子商务商行,15073,娜达莎电子商务商行
义乌市晨梦家居用品有限公司,13186,cmjj668
义乌市晨梦家居用品有限公司,16106,cmjj668
义乌市晨梦家居用品有限公司,15030,cmjj668
义乌市晨梦家居用品有限公司,yp00,cmjj668
义乌市程远平电子商务商行,14101,cyp20121688
义乌市程远平电子商务商行,15002,cyp20121688
义乌市崇禹电子商务商行,14022,yw3832
义乌市崇禹电子商务商行,15429,yw3832
义乌市创辉文化用品有限公司,15154,ywcy999
义乌市春群布艺有限公司,15276,NA
义乌市德旺电子商务商行,15147,maojianxin201012
义乌市迪辰文化用品有限公司,16124,迪辰文具
义乌市迪辰文化用品有限公司,16063,迪辰文具
义乌市迪辰文化用品有限公司,16125,迪辰文具
义乌市迪辰文化用品有限公司,16123,迪辰文具
义乌市迪辰文化用品有限公司,16120,迪辰文具
义乌市迪辰文化用品有限公司,14158,迪辰文具
义乌市迪辰文化用品有限公司,16198,迪辰文具
义乌市迪辰文化用品有限公司,16193,迪辰文具
义乌市迪辰文化用品有限公司,16156,迪辰文具
义乌市迪辰文化用品有限公司,16192,迪辰文具
义乌市迪辰文化用品有限公司,15225,迪辰文具
义乌市迪辰文化用品有限公司,16122,迪辰文具
义乌市迪辰文化用品有限公司,14096,迪辰文具
义乌市迪辰文化用品有限公司,13208,迪辰文具
义乌市迪辰文化用品有限公司,12222,迪辰文具
义乌市迪辰文化用品有限公司,16195,迪辰文具
义乌市迪辰文化用品有限公司,16112,迪辰文具
义乌市迪辰文化用品有限公司,16119,迪辰文具
义乌市迪辰文化用品有限公司,13205,迪辰文具
义乌市迪辰文化用品有限公司,16121,迪辰文具
义乌市迪辰文化用品有限公司,16025,迪辰文具
义乌市迪辰文化用品有限公司,15408,迪辰文具
义乌市迪辰文化用品有限公司,16024,迪辰文具
义乌市迪辰文化用品有限公司,15188,迪辰文具
义乌市迪辰文化用品有限公司,16194,迪辰文具
义乌市迪辰文化用品有限公司,15410,迪辰文具
义乌市迪辰文化用品有限公司,16151,迪辰文具
义乌市迪辰文化用品有限公司,16196,迪辰文具
义乌市迪辰文化用品有限公司,16191,迪辰文具
义乌市迪辰文化用品有限公司,16197,迪辰文具
义乌市迪辰文化用品有限公司,yp00,迪辰文具
义乌市迪辰文化用品有限公司,12269,迪辰文具
义乌市迪辰文化用品有限公司,13293,迪辰文具
义乌市迪辰文化用品有限公司,16099,迪辰文具
义乌市迪辰文化用品有限公司,16096,迪辰文具
义乌市逗牛电子商务商行,16065,柏雅日用品厂
义乌市逗牛电子商务商行,14174,柏雅日用品厂
义乌市梵尚电子商务商行,13260,梵尚电子商务商行
义乌市芬菲文化用品有限公司,15323,yiwufenfei
义乌市芬菲文化用品有限公司,13135,yiwufenfei
义乌市芬菲文化用品有限公司,13208,yiwufenfei
义乌市芬菲文化用品有限公司,12346,yiwufenfei
义乌市芬菲文化用品有限公司,15411,yiwufenfei
义乌市芬菲文化用品有限公司,12269,yiwufenfei
义乌市凤淘电子商务商行,14183,NA
义乌市广纳箱包厂,16127,广纳箱包厂
义乌市广纳箱包厂,16129,广纳箱包厂
义乌市广纳箱包厂,16128,广纳箱包厂
义乌市哈每日用品有限公司,15147,NA
义乌市好好箱包厂,13045,wlswnek2012
义乌市好好箱包厂,15227,wlswnek2012
义乌市好好箱包厂,14136,wlswnek2012
义乌市好好箱包厂,14137,wlswnek2012
义乌市好好箱包厂,15327,wlswnek2012
义乌市好好箱包厂,15264,wlswnek2012
义乌市黑凌电子商务商行,13155,wlq342849254
义乌市黑凌电子商务商行,14173,wlq342849254
义乌市恒居日用品有限公司,14225,yzzd168
义乌市慧顺电子商务商行,14023,ywyishun
义乌市举松电子商务商行,15210,NA
义乌市君沃电子商务商行,15210,君沃百货
义乌市卡帕茨电子商务有限公司,14006,kapparzi1
义乌市酷美化妆刷厂,15086,NA
义乌市莱客玩具厂,15143,liketoy1688
义乌市蓝韵袖套厂,15282,尚信袖套
义乌市雷群贸易有限公司,16141,pifacangku
义乌市雷群贸易有限公司,15414,pifacangku
义乌市雷群贸易有限公司,15294,pifacangku
义乌市雷群贸易有限公司,15180,pifacangku
义乌市雷群贸易有限公司,14208,pifacangku
义乌市雷群贸易有限公司,15415,pifacangku
义乌市雷群贸易有限公司,16105,pifacangku
义乌市雷群贸易有限公司,16106,pifacangku
义乌市雷群贸易有限公司,16103,pifacangku
义乌市雷群贸易有限公司,16023,pifacangku
义乌市雷群贸易有限公司,12645,pifacangku
义乌市雷群贸易有限公司,16179,pifacangku
义乌市雷群贸易有限公司,15133,pifacangku
义乌市雷群贸易有限公司,16104,pifacangku
义乌市雷群贸易有限公司,16073,pifacangku
义乌市雷群贸易有限公司,yp00,pifacangku
义乌市雷群贸易有限公司,16072,pifacangku
义乌市李汉斌日用品有限公司,14075,swppp266
义乌市李汉斌日用品有限公司,14090,swppp266
义乌市李汉斌日用品有限公司,13291,swppp266
义乌市李汉斌日用品有限公司,15094,swppp266
义乌市李汉斌日用品有限公司,13286,swppp266
义乌市李汉斌日用品有限公司,13162,swppp266
义乌市李汉斌日用品有限公司,12067,swppp266
义乌市李汉斌日用品有限公司,15426,swppp266
义乌市李汉斌日用品有限公司,14143,swppp266
义乌市李汉斌日用品有限公司,15026,swppp266
义乌市李汉斌日用品有限公司,yp00,swppp266
义乌市利津日用品有限公司,14143,地球家居旗舰店
义乌市联奥饰品配件厂,16052,lianaoshipin
义乌市联奥饰品配件厂,15402,lianaoshipin
义乌市联奥饰品配件厂,12589,lianaoshipin
义乌市联奥饰品配件厂,16015,lianaoshipin
义乌市联奥饰品配件厂,16011,lianaoshipin
义乌市麟文电子商务商行,13137,NA
义乌市璐妮饰品厂,13246,NA
义乌市吕塑日用品厂,16217,吕塑日用品厂
义乌市吕塑日用品厂,yp00,吕塑日用品厂
义乌市迈仕日用品有限公司,12165,ywchenluofeng
义乌市迈仕日用品有限公司,14233,ywchenluofeng
义乌市迷你日用百货商行,14258,heyouyou58
义乌市木月电子商务商行,12673,NA
义乌市木子箱包厂,16075,NA
义乌市纳美日用品商行,12589,2013王俊轻
义乌市纳美日用品商行,16182,2013王俊轻
义乌市纳美日用品商行,16181,2013王俊轻
义乌市纳美日用品商行,13188,2013王俊轻
义乌市纳新日用品厂,14099,youfen1588
义乌市妮宝电子商务商行,12266,必德文化用品
义乌市聂卉电子商务商行,15105,NA
义乌市欧尚箱包有限公司,13091,ywos88
义乌市品购日用品商行,12299,品购日用品商行
义乌市品购日用品商行,13193,品购日用品商行
义乌市品旺箱包厂,15334,品旺箱包厂
义乌市谱合箱包厂,15177,义乌市谱合箱包厂
义乌市谱合箱包厂,14155,义乌市谱合箱包厂
义乌市齐拓工艺品厂,15049,NA
义乌市乾际贸易有限公司,15180,乾际1688
义乌市全萌日用百货有限公司,15120,全萌日用百货
义乌市冉钧贸易有限公司,15288,义乌冉钧贸易
义乌市荣灵电子商务商行,13128,NA
义乌市荣灵电子商务商行,13275,NA
义乌市荣灵电子商务商行,12069,NA
义乌市荣灵电子商务商行,15249,NA
义乌市荣灵电子商务商行,15221,NA
义乌市荣灵电子商务商行,12145,NA
义乌市荣灵电子商务商行,13054,NA
义乌市荣灵电子商务商行,16095,NA
义乌市荣灵电子商务商行,16074,NA
义乌市荣灵电子商务商行,13154,NA
义乌市荣灵电子商务商行,12721,NA
义乌市荣灵电子商务商行,15268,NA
义乌市荣灵电子商务商行,16115,NA
义乌市荣灵电子商务商行,12111,NA
义乌市荣灵电子商务商行,15055,NA
义乌市荣灵电子商务商行,14146,NA
义乌市荣灵电子商务商行,16051,NA
义乌市荣灵电子商务商行,16037,NA
义乌市荣灵电子商务商行,13259,NA
义乌市荣灵电子商务商行,14076,NA
义乌市荣灵电子商务商行,14191,NA
义乌市荣灵电子商务商行,15194,NA
义乌市荣灵电子商务商行,16036,NA
义乌市荣灵电子商务商行,15314,NA
义乌市荣灵电子商务商行,14026,NA
义乌市荣灵电子商务商行,16004,NA
义乌市荣灵电子商务商行,16003,NA
义乌市荣灵电子商务商行,15044,NA
义乌市荣灵电子商务商行,15294,NA
义乌市荣灵电子商务商行,12157,NA
义乌市荣灵电子商务商行,16094,NA
义乌市荣灵电子商务商行,16093,NA
义乌市荣灵电子商务商行,15195,NA
义乌市荣灵电子商务商行,13162,NA
义乌市荣灵电子商务商行,yp00,NA
义乌市荣灵日用百货有限公司,14076,xiaoxiaoqin1688
义乌市荣灵日用百货有限公司,16206,xiaoxiaoqin1688
义乌市荣灵日用百货有限公司,16074,xiaoxiaoqin1688
义乌市荣灵日用百货有限公司,15249,xiaoxiaoqin1688
义乌市荣灵日用百货有限公司,13162,xiaoxiaoqin1688
义乌市荣灵日用百货有限公司,14146,xiaoxiaoqin1688
义乌市荣灵日用百货有限公司,13128,xiaoxiaoqin1688
义乌市荣灵日用百货有限公司,15221,xiaoxiaoqin1688
义乌市荣灵日用百货有限公司,12721,xiaoxiaoqin1688
义乌市荣灵日用百货有限公司,16205,xiaoxiaoqin1688
义乌市荣灵日用百货有限公司,16115,xiaoxiaoqin1688
义乌市荣灵日用百货有限公司,15406,xiaoxiaoqin1688
义乌市荣灵日用百货有限公司,16108,xiaoxiaoqin1688
义乌市荣灵日用百货有限公司,12111,xiaoxiaoqin1688
义乌市荣灵日用百货有限公司,16051,xiaoxiaoqin1688
义乌市荣灵日用百货有限公司,14191,xiaoxiaoqin1688
义乌市荣灵日用百货有限公司,15195,xiaoxiaoqin1688
义乌市荣灵日用百货有限公司,12021,xiaoxiaoqin1688
义乌市荣灵日用百货有限公司,16037,xiaoxiaoqin1688
义乌市荣灵日用百货有限公司,13154,xiaoxiaoqin1688
义乌市荣灵日用百货有限公司,16095,xiaoxiaoqin1688
义乌市荣灵日用百货有限公司,13054,xiaoxiaoqin1688
义乌市荣灵日用百货有限公司,15044,xiaoxiaoqin1688
义乌市荣灵日用百货有限公司,16220,xiaoxiaoqin1688
义乌市荣灵日用百货有限公司,16003,xiaoxiaoqin1688
义乌市荣灵日用百货有限公司,12069,xiaoxiaoqin1688
义乌市荣灵日用百货有限公司,13185,xiaoxiaoqin1688
义乌市荣灵日用百货有限公司,yp00,xiaoxiaoqin1688
义乌市荣灵日用百货有限公司,12157,xiaoxiaoqin1688
义乌市荣灵日用百货有限公司,13259,xiaoxiaoqin1688
义乌市荣灵日用百货有限公司,14026,xiaoxiaoqin1688
义乌市荣灵日用百货有限公司,15055,xiaoxiaoqin1688
义乌市荣灵日用百货有限公司,12067,xiaoxiaoqin1688
义乌市荣灵日用百货有限公司,15268,xiaoxiaoqin1688
义乌市荣灵日用百货有限公司,16094,xiaoxiaoqin1688
义乌市荣灵日用百货有限公司,16086,xiaoxiaoqin1688
义乌市荣灵日用百货有限公司,13275,xiaoxiaoqin1688
义乌市荣灵日用百货有限公司,16004,xiaoxiaoqin1688
义乌市荣灵日用百货有限公司,12145,xiaoxiaoqin1688
义乌市荣灵日用百货有限公司,15194,xiaoxiaoqin1688
义乌市荣腾电子厂,15184,NA
义乌市润崇电子商务商行,15154,出彩制笔厂
义乌市赛伯乐文化用品商行,16054,ywsaibole
义乌市胜颖家居用品有限公司,15428,syjjypgs
义乌市诗茵电子商务有限公司,16116,诗茵电子商务1
义乌市诗茵电子商务有限公司,12189,诗茵电子商务1
义乌市诗茵电子商务有限公司,16131,诗茵电子商务1
义乌市诗茵电子商务有限公司,15182,诗茵电子商务1
义乌市诗茵电子商务有限公司,15050,诗茵电子商务1
义乌市诗茵电子商务有限公司,14246,诗茵电子商务1
义乌市诗茵电子商务有限公司,12239,诗茵电子商务1
义乌市诗茵电子商务有限公司,12222,诗茵电子商务1
义乌市诗茵电子商务有限公司,12143,诗茵电子商务1
义乌市诗茵电子商务有限公司,yp00,诗茵电子商务1
义乌市诗茵电子商务有限公司,14162,诗茵电子商务1
义乌市烁照饰品厂,16029,NA
义乌市淘隆电子商务商行,15316,NA
义乌市腾熙贸易有限公司,16104,yiwutx888
义乌市腾熙贸易有限公司,yp00,yiwutx888
义乌市腾亿电子商务有限公司,15423,莞尔一饰
义乌市缇娜化妆品商行,14112,tinapifa
义乌市童助生文具有限公司,12138,tzs518518
义乌市童助生文具有限公司,16122,tzs518518
义乌市童助生文具有限公司,14121,tzs518518
义乌市威友家居用品有限公司,16226,ywweiyou
义乌市威友家居用品有限公司,16225,ywweiyou
义乌市威友家居用品有限公司,16219,ywweiyou
义乌市熙洁日用品厂,13180,NA
义乌市熙洁日用品有限公司,13180,ywxjrypc
义乌市玺尔电子商务商行,13179,玺尔家居用品
义乌市祥娥饰品厂,15113,瑞纳斯饰品
义乌市欣酷文化用品有限公司,15200,youyou19881020
义乌市新蓝箱包厂,15366,wj303544077
义乌市新蓝箱包厂,15257,wj303544077
义乌市新蓝箱包厂,15035,wj303544077
义乌市新蓝箱包厂,15365,wj303544077
义乌市旭暖电子商务商行,12115,盛大玩具贴纸
义乌市旭暖电子商务商行,16012,盛大玩具贴纸
义乌市h电子商务商行,15398,NA
义乌市仰中贸易有限公司,15433,baihuomeixi
义乌市仰中贸易有限公司,15434,baihuomeixi
义乌市艺蓝文化用品有限公司,15390,ywylwjc
义乌市艺蓝文化用品有限公司,13293,ywylwjc
义乌市艺蓝文化用品有限公司,16107,ywylwjc
义乌市艺蓝文化用品有限公司,15112,ywylwjc
义乌市艺蓝文化用品有限公司,15216,ywylwjc
义乌市艺蓝文化用品有限公司,15279,ywylwjc
义乌市艺蓝文化用品有限公司,16064,ywylwjc
义乌市艺蓝文化用品有限公司,16076,ywylwjc
义乌市艺蓝文化用品有限公司,16108,ywylwjc
义乌市艺蓝文化用品有限公司,16189,ywylwjc
义乌市艺蓝文化用品有限公司,15371,ywylwjc
义乌市艺蓝文化用品有限公司,14001,ywylwjc
义乌市艺蓝文化用品有限公司,15111,ywylwjc
义乌市艺蓝文化用品有限公司,16144,ywylwjc
义乌市艺蓝文化用品有限公司,16101,ywylwjc
义乌市艺蓝文化用品有限公司,16098,ywylwjc
义乌市艺蓝文化用品有限公司,15079,ywylwjc
义乌市艺蓝文化用品有限公司,15359,ywylwjc
义乌市艺蓝文化用品有限公司,15397,ywylwjc
义乌市艺蓝文化用品有限公司,16075,ywylwjc
义乌市艺蓝文化用品有限公司,16142,ywylwjc
义乌市艺蓝文化用品有限公司,16077,ywylwjc
义乌市艺蓝文化用品有限公司,16143,ywylwjc
义乌市艺蓝文化用品有限公司,16222,ywylwjc
义乌市艺蓝文化用品有限公司,16221,ywylwjc
义乌市艺蓝文化用品有限公司,16023,ywylwjc
义乌市艺蓝文化用品有限公司,16211,ywylwjc
义乌市艺蓝文化用品有限公司,16212,ywylwjc
义乌市艺蓝文化用品有限公司,15396,ywylwjc
义乌市艺蓝文化用品有限公司,14200,ywylwjc
义乌市艺蓝文化用品有限公司,13174,ywylwjc
义乌市艺蓝文化用品有限公司,15188,ywylwjc
义乌市艺蓝文化用品有限公司,16190,ywylwjc
义乌市艺蓝文化用品有限公司,15200,ywylwjc
义乌市艺蓝文化用品有限公司,yp00,ywylwjc
义乌市艺蓝文化用品有限公司,16184,ywylwjc
义乌市艺蓝文化用品有限公司,15289,ywylwjc
义乌市艺蓝文化用品有限公司,15049,ywylwjc
义乌市艺蓝文化用品有限公司,15402,ywylwjc
义乌市艺蓝文化用品有限公司,15268,ywylwjc
义乌市艺蓝文化用品有限公司,14096,ywylwjc
义乌市艺蓝文化用品有限公司,16100,ywylwjc
义乌市艺蓝文具厂,15396,NA
义乌市优德电子商务商行,15200,三年二班的生活馆
义乌市优德电子商务商行,15413,三年二班的生活馆
义乌市优德电子商务商行,16136,三年二班的生活馆
义乌市优德电子商务商行,12346,三年二班的生活馆
义乌市优芬日用品有限公司,14099,youfen1688
义乌市优湃文化用品有限公司,15018,upai8
义乌市优湃文化用品有限公司,15016,upai8
义乌市优湃文化用品有限公司,15413,upai8
义乌市优湃文化用品有限公司,15232,upai8
义乌市优湃文化用品有限公司,15051,upai8
义乌市佑木日用品商行限公司,14164,NA
义乌市佑木日用品商行限公司,14154,NA
义乌市佑木日用品商行限公司,yp00,NA
义乌市佑木日用品商行限公司,14232,NA
义乌市泽熙日用百货商行,15139,NA
义乌市泽熙日用品厂,TC14001,泽熙日用品商行
义乌市泽熙日用品厂,15139,泽熙日用品商行
义乌市从盐幕用品有限公司,12026,NA
义乌市志平电子商务商行,12454,zphzp1688
义乌市智途针织厂,15117,NA
义乌市众城手袋厂,15004,众城手袋厂
义乌市舟虚蜡烛厂,ZP015,NA
义乌市珠玲鸟文具厂,15387,ywzlnwj
义乌市珠玲鸟文具厂,15389,ywzlnwj
义乌市珠玲鸟文具厂,15388,ywzlnwj
义乌市追玖电子商务商行,14034,sqhf1688
义乌市卓飒电子商务商行,13054,NA
义乌市梓晨家居用品有限公司,16216,lipeng19870124
义乌市左边电子商务商行,13193,gangwang1989
义乌市左边电子商务商行,13200,gangwang1989
义乌市左边电子商务商行,14207,gangwang1989
义乌市左赫电子商务商行,16069,妮妮小余
义乌雄川贸易有限公司,16153,baifa002
义乌雄川贸易有限公司,16187,baifa002
义乌雄川贸易有限公司,16073,baifa002
义乌雄川贸易有限公司,16199,baifa002
义乌远洋电子商务有限公司,12149,1985yymy
义乌中茂百货贸易有限公司,14037,yipihuo8
永康市奥吉晟工贸有限公司,14047,奥吉晟
永康市定计贸易有限公司,16043,ykdjmy03
优客包装,打包用品,NA
有得利包装,打包用品,NA
有利得包装,打包用品,NA
余继红(个体经营),13031,ywyujihong
余姚市美馨塑料制品厂,16111,美馨塑料制品厂
余姚市牟山章达五金厂,12348,maliany6
俞江杰（个体经营）,15008,俞江杰0424
俞江杰（个体经营）,15007,俞江杰0424
俞江杰（个体经营）,15009,俞江杰0424
张焕军广州星宇商贸有限公司,16114,NA
张焕军广州星宇商贸有限公司,15075,NA
张焕军广州星宇商贸有限公司,16007,NA
张记百货,12212,NA
张记百货,746,NA
张先强,15199,wzmdgy
浙江鼎纳家居有限公司,15335,浙江鼎纳家居
浙江鼎纳家居有限公司,15361,浙江鼎纳家居
浙江文谷文化用品有限公司,15156,NA
浙江友力包,打包用品,NA
诸暨市什锦家居用品厂,14042,什锦家居用品厂2013
诸暨市陶朱瑶瑶袜厂,15191,陶朱瑶瑶袜厂
诸暨市杨劲袜厂,16026,yangjinwaye
诸暨市杨劲袜厂,15416,yangjinwaye
诸暨市杨劲袜厂,12137,yangjinwaye
诸暨市杨劲袜厂,15076,yangjinwaye
诸暨市杨劲袜厂,15201,yangjinwaye
诸暨市叶昊袜厂,16022,xishutiantian1
子腾快递,打包用品,NA
普宁市燎原光正茂制衣厂,12620,普宁点点情
