cid,name,path
1205,耳机/耳麦,"影音电器,耳机/耳麦"
2203,其它,"户外/登山/野营/旅行用品,其它"
110520,鼠标垫/贴/腕垫,"电脑硬件/显示器/电脑周边,电脑周边,鼠标垫/贴/腕垫"
120802,耳机配件,"3C数码配件,MP3/MP4配件,耳机配件"
150701,手机挂件/手机链,"3C数码配件,手机配件,手机饰品,手机挂件/手机链"
150704,手机保护套/壳,"3C数码配件,手机配件,手机保护套/壳"
150708,手机支架/手机座,"3C数码配件,手机配件,手机支架/手机座"
210211,伞,"居家日用,伞/雨具/防雨/防潮,伞"
211703,橡皮,"电子词典/电纸书/文化用品,日常学习用品,橡皮"
211707,其它文化用品,"电子词典/电纸书/文化用品,其它文化用品"
211708,计算器,"电子词典/电纸书/文化用品,计算器"
213002,靠垫/抱枕,"居家布艺,靠垫/抱枕"
213201,浴帽,"家庭/个人清洁工具,个人洗护清洁用具,浴帽"
215201,其它,"厨房/烹饪用具,烹饪用具,其它"
280903,台历,"个性定制/设计服务/DIY,日用/装饰定制,个性台历/年历,台历"
290905,其它,"ZIPPO/瑞士军刀/眼镜,烟具,其它"
350310,毛球修剪器,"生活电器,毛球修剪器"
350407,加湿器,"生活电器,加湿器"
350615,接线板,"电子/电工,接线板/插头,接线板"
350712,体重秤/健康秤,"个人护理/保健/按摩器材,体重秤/健康秤"
50000346,其它,"餐饮具,其它"
50000563,毛巾/面巾,"居家布艺,毛巾/浴巾/浴袍,毛巾/面巾"
50000566,调味瓶罐,"厨房/烹饪用具,厨用小工具/厨房储物,储物瓶罐/厨房储物器皿,调味瓶罐"
50000570,其它,"家庭/个人清洁工具,个人洗护清洁用具,指甲刀/指甲钳,其它"
50000583,地垫,"居家布艺,地垫"
50001423,其它,"商业/办公家具,其它"
50001691,纸巾套,"收纳整理,家庭收纳用具,收纳套,纸巾套"
50002085,果盆/果盘/果篮,"餐饮具,餐具,果盆/果盘/果篮"
50002664,其它,"孕妇装/孕产妇用品/营养,孕妇装,其它"
50002711,收纳箱,"收纳整理,家庭收纳用具,储物箱,收纳箱"
50002713,压缩袋,"收纳整理,家庭收纳用具,收纳袋,压缩袋"
50002777,枕头/枕芯/保健枕/颈椎枕,"床上用品,枕头/枕芯/保健枕/颈椎枕"
50002791,空调罩,"居家布艺,防尘保护罩,空调罩"
50002795,桌椅脚套/桌脚垫,"居家布艺,餐桌布艺,桌椅脚套/桌脚垫"
50002798,碗,"餐饮具,餐具,碗"
50002800,餐具笼/架,"餐饮具,餐具,餐具笼/架"
50002812,微波炉手套,"厨房/烹饪用具,厨用小工具/厨房储物,厨房电器配套用品,微波炉手套"
50002816,梳子/化妆梳/按摩梳,"家庭/个人清洁工具,个人洗护清洁用具,梳子/便携用镜,梳子/化妆梳/按摩梳"
50002817,医药箱,"收纳整理,家庭收纳用具,储物箱,医药箱"
50003326,键盘刷,"3C数码配件,笔记本电脑配件,键盘刷"
50003338,瓷砖/玻璃贴,"家居饰品,贴饰,瓷砖/玻璃贴"
50003447,牙签筒,"收纳整理,家庭收纳用具,收纳罐,牙签筒"
50003448,杯垫,"餐饮具,杯子/水杯/水壶,杯垫"
50003452,马桶套/马桶座圈,"家庭/个人清洁工具,卫浴/置物用具,马桶套/马桶座圈"
50003453,储蓄罐,"节庆用品/礼品,创意礼品,储蓄罐"
50003457,开关套,"居家布艺,防尘保护罩,开关套"
50003458,口罩,"居家日用,防护用品,口罩"
50003460,挂钩/粘钩,"收纳整理,家庭整理用具,挂钩/粘钩"
50003760,开瓶器,"餐饮具,酒壶/酒杯/酒具,开瓶器"
50003817,牙刷架/牙具座,"家庭/个人清洁工具,卫浴/置物用具,牙刷架/牙具座"
50003821,浴室用品套件,"家庭/个人清洁工具,卫浴/置物用具,浴室用品套件"
50003841,马桶刷/厕所刷,"家庭/个人清洁工具,卫浴/置物用具,马桶刷/厕所刷"
50004407,钥匙扣,"节庆用品/礼品,创意礼品,钥匙扣"
50004413,厨房用刷,"家庭/个人清洁工具,家务/地板清洁用具,刷子,厨房用刷"
50004415,垃圾袋,"家庭/个人清洁工具,家务/地板清洁用具,垃圾袋"
50004416,垃圾桶,"家庭/个人清洁工具,家务/地板清洁用具,垃圾桶/垃圾架,垃圾桶"
50004418,便条夹/照片夹,"电子词典/电纸书/文化用品,收纳/陈列用品,便条夹/照片夹"
50004998,美容修剪器,"美容美体仪器,美容/美体辅助工具,美容修剪器"
50005026,布贴,"居家布艺,缝纫DIY材料、工具及成品,缝纫DIY配件/辅料/配饰,布贴"
50005031,绳子,"居家布艺,缝纫DIY材料、工具及成品,缝纫DIY配件/辅料/配饰,绳子"
50005055,脏衣篮,"收纳整理,家庭收纳用具,收纳篮,脏衣篮"
50005058,衣架,"收纳整理,衣物洗/晒/护理用具,衣架"
50005090,各类尺/三角板,"电子词典/电纸书/文化用品,绘图测量用品,各类尺/三角板"
50005113,圆规,"电子词典/电纸书/文化用品,绘图测量用品,圆规"
50005114,书立/阅读架,"电子词典/电纸书/文化用品,收纳/陈列用品,书立/阅读架"
50005118,胶带/胶纸/胶条,"电子词典/电纸书/文化用品,胶粘用品,胶带/胶纸/胶条"
50005120,票夹/长尾夹,"电子词典/电纸书/文化用品,装订用品,票夹/长尾夹"
50005122,卷笔刀/削笔器,"电子词典/电纸书/文化用品,日常学习用品,卷笔刀/削笔器"
50005212,油壶,"ZIPPO/瑞士军刀/眼镜,品牌打火机及配件,打火机配件/工具,油壶"
50005216,其它,"ZIPPO/瑞士军刀/眼镜,品牌打火机及配件,打火机配件/工具,其它"
50005264,耳机绕线器,"3C数码配件,数码包/收纳/整理,耳机绕线器"
50005266,手机耳机,"影音电器,手机耳机"
50005269,筷子,"餐饮具,餐具,筷子"
50005501,挂袋,"居家布艺,防尘保护罩,挂袋"
50005722,笔记本多功能支架/桌,"3C数码配件,笔记本电脑配件,笔记本多功能支架/桌"
50005737,订书机,"电子词典/电纸书/文化用品,装订用品,订书机"
50005749,剪刀,"电子词典/电纸书/文化用品,裁剪用品,剪刀"
50005750,美工刀,"电子词典/电纸书/文化用品,裁剪用品,美工刀"
50005823,书签,"电子词典/电纸书/文化用品,纸张本册,书签"
50006008,其它,"孕妇装/孕产妇用品/营养,待产用品,其它"
50006049,沥水篮,"家装主材,厨房,水槽配件,沥水篮"
50006062,隔音耳塞,"五金/工具,手动工具,其他手动工具,隔音耳塞"
50006101,其它,"床上用品,其它"
50006125,隔音耳塞,"居家日用,防护用品,隔音耳塞"
50006217,其它,"童装/婴儿装/亲子装,其它"
50006236,竹炭包/炭盒/活性炭,"居家日用,家居健康用品,竹炭包/炭盒/活性炭"
50006277,其它,"居家日用,其它"
50006280,牙线/牙线棒,"洗护清洁剂/卫生巾/纸/香薰,口腔护理,牙线/牙线棒"
50006502,防撞角,"尿片/洗护/喂哺/推车床,防撞/提醒/安全/保护,防撞角"
50006532,鞋垫,"居家日用,鞋用品,鞋垫"
50006533,鞋架,"住宅家具,架类,鞋架"
50006551,鞋刷/鞋擦,"居家日用,鞋用品,鞋刷/鞋擦"
50006552,乳液器,"家庭/个人清洁工具,卫浴/置物用具,乳液器"
50006687,指甲钳,"家庭/个人清洁工具,个人洗护清洁用具,指甲刀/指甲钳,指甲钳"
50006741,钥匙扣,"居家布艺,十字绣及工具配件,十字绣配件,钥匙扣"
50006742,杯垫,"居家布艺,十字绣及工具配件,十字绣配件,杯垫"
50006743,书签,"居家布艺,十字绣及工具配件,十字绣配件,书签"
50006747,线盒,"居家布艺,十字绣及工具配件,十字绣工具,线盒"
50006750,首饰盒,"居家布艺,十字绣及工具配件,十字绣配件,首饰盒"
50006753,搅拌棒,"厨房/烹饪用具,厨用小工具/厨房储物,搅拌棒"
50006759,水果叉/水果签,"餐饮具,餐具,水果叉/水果签"
50006761,蛋清分离器,"厨房/烹饪用具,厨用小工具/厨房储物,鸡蛋加工,蛋清分离器"
50006770,冰格/制冰袋,"厨房/烹饪用具,厨用小工具/厨房储物,厨房电器配套用品,冰格/制冰袋"
50006774,水果削皮器,"厨房/烹饪用具,烹饪用具,刀具,水果削皮器"
50006777,汤勺,"厨房/烹饪用具,烹饪用具,烹饪勺铲,汤勺"
50006782,咖啡勺,"餐饮具,咖啡器具,咖啡勺"
50006785,木铲,"厨房/烹饪用具,烹饪用具,烹饪勺铲,木铲"
50006828,剪刀,"居家布艺,十字绣及工具配件,十字绣工具,剪刀"
50006846,短袜/打底袜/丝袜/美腿袜,"女士内衣/男士内衣/家居服,短袜/打底袜/丝袜/美腿袜"
50006850,玻璃清洁器及配件,"家庭/个人清洁工具,家务/地板清洁用具,玻璃清洁器及配件"
50006856,浴室角架/置物架,"家庭/个人清洁工具,卫浴/置物用具,浴室角架/置物架"
50006858,厨房置物架/角架,"厨房/烹饪用具,厨用小工具/厨房储物,厨房储物架/厨房置物架,厨房置物架/角架"
50006863,水塞,"家庭/个人清洁工具,卫浴/置物用具,水塞"
50006865,玻璃杯,"餐饮具,杯子/水杯/水壶,玻璃杯"
50006888,吸管杯,"餐饮具,杯子/水杯/水壶,吸管杯"
50006889,保温杯,"餐饮具,杯子/水杯/水壶,保温杯"
50006895,油壶,"厨房/烹饪用具,厨用小工具/厨房储物,储物瓶罐/厨房储物器皿,油壶"
50006897,随手杯,"餐饮具,杯子/水杯/水壶,随手杯"
50006943,饭盒/保温桶/保温提锅,"餐饮具,餐具,饭盒/保温桶/保温提锅"
50006945,鱼鳞刨,"厨房/烹饪用具,烹饪用具,刀具,鱼鳞刨"
50006986,毛巾挂/毛巾架,"家庭/个人清洁工具,卫浴/置物用具,毛巾挂/毛巾架"
50006989,束发带,"家庭/个人清洁工具,个人洗护清洁用具,束发带"
50006990,管道疏通器,"家庭/个人清洁工具,卫浴/置物用具,管道疏通器"
50006995,手套,"童装/婴儿装/亲子装,帽子/围巾/口罩/手套/耳套/脚套,手套"
50007003,围巾/丝巾/披肩,"服饰配件/皮带/帽子/围巾,围巾/丝巾/披肩"
50007005,耳勺,"家庭/个人清洁工具,个人洗护清洁用具,耳勺"
50007006,眼罩,"居家日用,防护用品,眼罩"
50007065,其它,"家庭/个人清洁工具,家务/地板清洁用具,刷子,其它"
50007125,贺卡/卡片,"节庆用品/礼品,贺卡/卡片"
50007167,洗漱包,"家庭/个人清洁工具,个人洗护清洁用具,洗漱包"
50008059,其它,"零食/坚果/特产,其它"
50008064,其它,"水产肉类/新鲜蔬果/熟食,新鲜水果,其它"
50008282,其它,"厨房/烹饪用具,厨用小工具/厨房储物,其它"
50008324,其他架类,"住宅家具,架类,其他架类"
50008360,护洗袋,"收纳整理,衣物洗/晒/护理用具,护洗袋"
50008438,其它,"粮油米面/南北干货/调味品,方便速食,其它"
50008554,吸尘器,"生活电器,吸尘器"
50008608,手巾/手帕,"居家布艺,毛巾/浴巾/浴袍,手巾/手帕"
50008626,皂盒,"家庭/个人清洁工具,卫浴/置物用具,皂盒"
50008798,其它,"基础建材,其它"
50009037,耳套,"服饰配件/皮带/帽子/围巾,耳套"
50009048,鞋垫,"服饰配件/皮带/帽子/围巾,鞋包/皮带配件,鞋子配件,鞋垫"
50009049,鞋带,"服饰配件/皮带/帽子/围巾,鞋包/皮带配件,鞋子配件,鞋带"
50009189,礼品盒,"包装,礼品包装,礼品盒"
50009190,礼品袋/塑料袋,"包装,礼品包装,礼品袋/塑料袋"
50009202,随身化妆镜,"家庭/个人清洁工具,个人洗护清洁用具,梳子/便携用镜,随身化妆镜"
50009205,美甲/修甲套装,"家庭/个人清洁工具,个人洗护清洁用具,指甲刀/指甲钳,美甲/修甲套装"
50009211,移动电源,"3C数码配件,移动电源"
50009213,笔筒,"节庆用品/礼品,创意礼品,笔筒"
50009221,音乐盒,"节庆用品/礼品,创意礼品,音乐盒"
50009227,裤架,"收纳整理,衣物洗/晒/护理用具,裤架"
50009249,其它,"ZIPPO/瑞士军刀/眼镜,品牌打火机及配件,其他打火机,其它"
50009283,时尚烟灰缸,"节庆用品/礼品,创意礼品,时尚烟灰缸"
50009344,其它,"鲜花速递/花卉仿真/绿植园艺,婚礼鲜花布置,其它"
50009535,手提秤/挂秤,"厨房/烹饪用具,厨用小工具/厨房储物,厨房秤/计量秤,手提秤/挂秤"
50009836,其它,"粮油米面/南北干货/调味品,食用油/调味油,其它"
50009840,其它,"粮油米面/南北干货/调味品,米/面粉/杂粮,豆类,其它"
50009845,其它,"水产肉类/新鲜蔬果/熟食,新鲜蔬菜/蔬菜制品,新鲜蔬菜,其它"
50009960,鞋套,"居家日用,鞋用品,鞋套"
50010021,红包/利是封,"节庆用品/礼品,红包/利是封"
50010401,卷/直发器,"个人护理/保健/按摩器材,卷/直发器"
50010410,手套,"服饰配件/皮带/帽子/围巾,手套"
50010419,叉/勺/筷套装,"餐饮具,餐具,叉/勺/筷套装"
50010465,迷你风扇,"居家日用,扇/迷你风扇/配件/冰垫/冰贴,迷你风扇"
50010466,扇子,"居家日用,扇/迷你风扇/配件/冰垫/冰贴,扇子"
50010472,毛球修剪器,"收纳整理,衣物洗/晒/护理用具,毛球修剪器"
50010593,车用炭类吸附品,"汽车/用品/配件/改装,汽车用品/内饰品,汽车香水/净化/降温剂,车用炭类吸附品"
50010813,身体彩绘,"彩妆/香水/美妆工具,身体彩绘"
50010817,化妆/美容工具,"彩妆/香水/美妆工具,其他美容工具,化妆/美容工具"
50011037,增高垫,"服饰配件/皮带/帽子/围巾,鞋包/皮带配件,鞋子配件,增高垫"
50011039,后跟贴,"服饰配件/皮带/帽子/围巾,鞋包/皮带配件,鞋子配件,后跟贴"
50011040,鞋撑,"服饰配件/皮带/帽子/围巾,鞋包/皮带配件,鞋子配件,鞋撑"
50011041,钥匙扣,"服饰配件/皮带/帽子/围巾,鞋包/皮带配件,包配件,钥匙扣"
50011043,鞋扣,"服饰配件/皮带/帽子/围巾,鞋包/皮带配件,鞋子配件,鞋扣"
50011173,防蚊贴/防蚊手环,"居家日用,驱虫用品,防蚊贴/防蚊手环"
50011176,清凉油/防暑/醒神药油,"洗护清洁剂/卫生巾/纸/香薰,身体护理,清凉油/防暑/醒神药油"
50011403,书皮,"电子词典/电纸书/文化用品,日常学习用品,书皮"
50011415,开关贴,"家居饰品,贴饰,开关贴"
50011696,漏斗,"餐饮具,酒壶/酒杯/酒具,漏斗"
50011738,墙贴,"家居饰品,贴饰,墙贴"
50011746,拖鞋,"流行男鞋,拖鞋"
50011755,别针/回形针,"电子词典/电纸书/文化用品,装订用品,别针/回形针"
50011890,镜布,"ZIPPO/瑞士军刀/眼镜,眼镜配件、护理剂,镜布"
50011891,隐形眼镜伴侣盒,"ZIPPO/瑞士军刀/眼镜,眼镜配件、护理剂,隐形眼镜伴侣盒"
50011905,文具套装/礼盒,"电子词典/电纸书/文化用品,日常学习用品,文具套装/礼盒"
50012010,女士包袋,"箱包皮具/热销女包/男包,女士包袋"
50012028,靴子,"女鞋,靴子"
50012032,凉鞋,"女鞋,凉鞋"
50012033,拖鞋,"女鞋,拖鞋"
50012075,购物袋/环保袋,"收纳整理,家庭收纳用具,收纳袋,购物袋/环保袋"
50012076,饭盒袋,"收纳整理,家庭收纳用具,收纳袋,饭盒袋"
50012226,防撞条,"尿片/洗护/喂哺/推车床,防撞/提醒/安全/保护,防撞条"
50012349,拖鞋,"童鞋/婴儿鞋/亲子鞋,拖鞋"
50012387,其它,"水产肉类/新鲜蔬果/熟食,蛋/蛋制品,鲜活蛋类,其它"
50012395,其它,"粮油米面/南北干货/调味品,南北干货/肉类干货,干货/土特产,其它"
50012410,斜挎包/拎包/腰包,"玩具/童车/益智/积木/模型,儿童包/背包/箱包,斜挎包/拎包/腰包"
50012478,抽纸,"洗护清洁剂/卫生巾/纸/香薰,纸品/湿巾,抽纸"
50012480,手帕纸,"洗护清洁剂/卫生巾/纸/香薰,纸品/湿巾,手帕纸"
50012501,锡纸/油纸,"厨房/烹饪用具,烧烤/烘焙用具,烧烤架炉/烧烤DIY用具,锡纸/油纸"
50012508,烘焙用纸,"厨房/烹饪用具,烧烤/烘焙用具,烘培DIY器具,烘焙用纸"
50012517,护目镜,"居家日用,防护用品,护目镜"
50012646,资料册,"电子词典/电纸书/文化用品,收纳/陈列用品,资料册"
50012665,风琴包/事务包,"电子词典/电纸书/文化用品,收纳/陈列用品,风琴包/事务包"
50012668,卡套/证件套,"电子词典/电纸书/文化用品,收纳/陈列用品,卡套/证件套"
50012677,笔记本/记事本,"电子词典/电纸书/文化用品,纸张本册,笔记本/记事本"
50012682,素描/素写本,"电子词典/电纸书/文化用品,画具/画材/书法用品,素描/素写本"
50012684,便签本/便条纸/N次贴,"电子词典/电纸书/文化用品,纸张本册,便签本/便条纸/N次贴"
50012707,包装纸,"电子词典/电纸书/文化用品,纸张本册,包装纸"
50012717,钢笔,"电子词典/电纸书/文化用品,笔类/书写工具,钢笔"
50012718,圆珠笔,"电子词典/电纸书/文化用品,笔类/书写工具,圆珠笔"
50012719,宝珠/走珠/签字笔,"电子词典/电纸书/文化用品,笔类/书写工具,宝珠/走珠/签字笔"
50012720,中性笔,"电子词典/电纸书/文化用品,笔类/书写工具,中性笔"
50012721,马克笔,"电子词典/电纸书/文化用品,笔类/书写工具,马克笔"
50012722,记号笔,"电子词典/电纸书/文化用品,笔类/书写工具,记号笔"
50012723,白板笔,"电子词典/电纸书/文化用品,教学演示/展示告示用品,白板笔"
50012724,水彩笔,"电子词典/电纸书/文化用品,画具/画材/书法用品,水彩笔"
50012725,荧光笔,"电子词典/电纸书/文化用品,笔类/书写工具,荧光笔"
50012726,油漆笔,"电子词典/电纸书/文化用品,笔类/书写工具,油漆笔"
50012730,勾线笔,"电子词典/电纸书/文化用品,画具/画材/书法用品,勾线笔"
50012751,替芯/铅芯,"电子词典/电纸书/文化用品,笔类/书写工具,替芯/铅芯"
50012767,其它功能笔,"电子词典/电纸书/文化用品,笔类/书写工具,其它功能笔"
50012783,同学录/纪念册,"电子词典/电纸书/文化用品,纸张本册,同学录/纪念册"
50012784,肩带,"女士内衣/男士内衣/家居服,肩带"
50012921,米桶/米缸,"厨房/烹饪用具,厨用小工具/厨房储物,储物瓶罐/厨房储物器皿,米桶/米缸"
50012922,密封罐,"厨房/烹饪用具,厨用小工具/厨房储物,储物瓶罐/厨房储物器皿,密封罐"
50012928,衣物除尘滚/粘毛滚,"收纳整理,衣物洗/晒/护理用具,衣物除尘滚/粘毛滚"
50012950,定时器/计时器/提醒器,"厨房/烹饪用具,厨用小工具/厨房储物,定时器/计时器/提醒器"
50013216,其它,"电子词典/电纸书/文化用品,画具/画材/书法用品,其它"
50013343,座便器配件,"家装主材,卫浴用品,坐便器,座便器配件"
50013347,花洒配件,"家装主材,卫浴用品,卫浴龙头,花洒配件"
50013466,胶带,"基础建材,家用五金,其他五金件,胶带"
50013478,账本/账册,"电子词典/电纸书/文化用品,财会用品,账本/账册"
50013491,印台,"电子词典/电纸书/文化用品,财会用品,印台"
50013596,其它,"家装主材,其它"
50013668,钢直尺,"五金/工具,手动工具,测量工具,钢直尺"
50013799,过滤器/净水器,"家装主材,卫浴用品,卫浴五金/挂件,过滤器/净水器"
50013865,项链,"饰品/流行首饰/时尚饰品新,项链"
50013869,手链,"饰品/流行首饰/时尚饰品新,手链"
50013875,戒指/指环,"饰品/流行首饰/时尚饰品新,戒指/指环"
50013876,胸针,"饰品/流行首饰/时尚饰品新,胸针"
50013877,摆件,"饰品/流行首饰/时尚饰品新,摆件"
50013878,发饰,"饰品/流行首饰/时尚饰品新,发饰"
50013958,暖脚宝/暖垫,"居家日用,保暖贴/怀炉/保暖用品,暖脚宝/暖垫"
50013959,保暖贴,"居家日用,保暖贴/怀炉/保暖用品,保暖贴"
50013976,牙刷/口腔清洁工具,"洗护清洁剂/卫生巾/纸/香薰,口腔护理,牙刷/口腔清洁工具"
50014010,马桶清洁剂/洁厕剂,"洗护清洁剂/卫生巾/纸/香薰,家庭环境清洁剂,马桶清洁剂/洁厕剂"
50014813,其它,"奶粉/辅食/营养品/零食,其它"
50014846,脸盆,"尿片/洗护/喂哺/推车床,宝宝洗浴护肤品,脸盆"
50014847,口罩,"童装/婴儿装/亲子装,帽子/围巾/口罩/手套/耳套/脚套,口罩"
50015148,小型喷雾壶,"鲜花速递/花卉仿真/绿植园艺,园艺用品,小型喷雾壶"
50015370,手套,"运动包/户外包/配件,手套"
50015372,围巾/围脖,"运动包/户外包/配件,围巾/围脖"
50015648,线盒,"住宅家具,桌类,桌子配件,线盒"
50015836,儿童凳,"住宅家具,坐具类,凳类,儿童凳"
50015992,创意/整蛊玩具,"玩具/童车/益智/积木/模型,电子/发光/充气/整蛊玩具,创意/整蛊玩具"
50016081,毛巾,"户外/登山/野营/旅行用品,洗漱清洁/护理用品,毛巾"
50016082,其它,"户外/登山/野营/旅行用品,洗漱清洁/护理用品,其它"
50016107,遥控器,"影音电器,影音家电配件,遥控器"
50016138,其他安全防盗产品,"户外/登山/野营/旅行用品,旅行便携装备,旅行安全,其他安全防盗产品"
50016152,晾衣绳,"户外/登山/野营/旅行用品,旅行便携装备,其他旅行用品,晾衣绳"
50016324,车用纸巾,"汽车/用品/配件/改装,汽车用品/内饰品,驾车个人用品,车用纸巾"
50016354,贺卡/明信片,"电子词典/电纸书/文化用品,印刷制品,贺卡/明信片"
50016467,洗发杯/水勺,"尿片/洗护/喂哺/推车床,宝宝洗浴护肤品,洗发杯/水勺"
50016809,其它,"水产肉类/新鲜蔬果/熟食,蛋/蛋制品,加工蛋类及蛋制品,其它"
50016841,其它,"水产肉类/新鲜蔬果/熟食,熟食/凉菜/私房菜,其它"
50017233,纽扣,"居家布艺,缝纫DIY材料、工具及成品,缝纫DIY配件/辅料/配饰,纽扣"
50017236,魔术贴/粘扣带,"居家布艺,缝纫DIY材料、工具及成品,缝纫DIY配件/辅料/配饰,魔术贴/粘扣带"
50017550,背带,"乐器/吉他/钢琴/配件,乐器配件,背带"
50017805,其它,"景点门票/演艺演出/周边游,景点门票（发布已关闭）,广东,其它"
50017830,其它,"景点门票/演艺演出/周边游,景点门票（发布已关闭）,浙江,其它"
50017840,其它,"景点门票/演艺演出/周边游,景点门票（发布已关闭）,江苏,其它"
50017844,其它,"景点门票/演艺演出/周边游,景点门票（发布已关闭）,海南,其它"
50017846,其它,"景点门票/演艺演出/周边游,景点门票（发布已关闭）,河北,其它"
50017856,其它,"景点门票/演艺演出/周边游,景点门票（发布已关闭）,北京,其它"
50017858,其它,"景点门票/演艺演出/周边游,景点门票（发布已关闭）,广西,其它"
50017933,其它,"景点门票/演艺演出/周边游,景点门票（发布已关闭）,四川,其它"
50017972,其它,"景点门票/演艺演出/周边游,景点门票（发布已关闭）,云南,其它"
50017978,其它,"景点门票/演艺演出/周边游,景点门票（发布已关闭）,陕西,其它"
50017982,其它,"景点门票/演艺演出/周边游,景点门票（发布已关闭）,安徽,其它"
50017990,其它,"景点门票/演艺演出/周边游,景点门票（发布已关闭）,湖南,其它"
50017992,其它,"景点门票/演艺演出/周边游,景点门票（发布已关闭）,福建,其它"
50017999,其它,"景点门票/演艺演出/周边游,景点门票（发布已关闭）,山东,其它"
50018001,其它,"景点门票/演艺演出/周边游,景点门票（发布已关闭）,湖北,其它"
50018039,陀螺,"运动/瑜伽/健身/球迷用品,毽子/空竹/民间运动,陀螺"
50018594,定时器/计时器,"居家日用,钟,定时器/计时器"
50018613,遥控器,"3C数码配件,手机配件,手机拍照配件,遥控器"
50018777,袖/腿套/束管带,"自行车/骑行装备/零配件,骑行服饰/骑行装备,袖/腿套/束管带"
50018923,USB加湿器,"3C数码配件,USB电脑周边,USB加湿器"
50018925,USB暖手宝/暖手袋,"3C数码配件,USB电脑周边,USB暖手宝/暖手袋"
50018934,USB驱蚊器,"3C数码配件,USB电脑周边,USB驱蚊器"
50018948,其它,"办公设备/耗材/相关服务,其它"
50018961,干燥剂,"洗护清洁剂/卫生巾/纸/香薰,室内除臭/芳香用品,干燥剂"
50018962,冰箱除味剂,"洗护清洁剂/卫生巾/纸/香薰,室内除臭/芳香用品,冰箱除味剂"
50018974,鞋油,"洗护清洁剂/卫生巾/纸/香薰,家私/皮具护理品,鞋油"
50018982,干洗剂,"洗护清洁剂/卫生巾/纸/香薰,衣物清洁剂/护理剂,干洗剂"
50019039,面扑/粉扑,"家庭/个人清洁工具,个人洗护清洁用具,面扑/粉扑"
50019044,脸盆,"家庭/个人清洁工具,家务/地板清洁用具,脸盆"
50019045,衣物用刷,"家庭/个人清洁工具,家务/地板清洁用具,刷子,衣物用刷"
50019234,家务手套,"家庭/个人清洁工具,家务/地板清洁用具,家务手套"
50019469,垃圾夹,"家庭/个人清洁工具,家务/地板清洁用具,垃圾夹"
50019554,体重秤/健康秤,"运动/瑜伽/健身/球迷用品,踏步机/中小型健身器材,体重秤/健康秤"
50019661,手套,"成人用品/情趣用品,情趣内衣,情趣配饰,手套"
50019664,眼罩,"成人用品/情趣用品,情趣内衣,情趣配饰,眼罩"
50019690,鞋垫,"运动包/户外包/配件,鞋垫"
50019901,礼品盒,"本地化生活服务,广告制作/传统印刷/打印/复印,批量印刷服务,礼品盒"
50019906,书签,"本地化生活服务,广告制作/传统印刷/打印/复印,批量印刷服务,书签"
50019936,小夜灯,"家装灯饰光源,灯具灯饰,小夜灯"
50020217,家用防油贴纸,"洗护清洁剂/卫生巾/纸/香薰,纸品/湿巾,家用防油贴纸"
50020226,保温杯,"个性定制/设计服务/DIY,日用/装饰定制,杯子定制,保温杯"
50020835,摆件,"家居饰品,摆件"
50020846,风铃及配件,"家居饰品,风铃及配件"
50020854,香薰炉,"家居饰品,香薰炉"
50020905,音乐盒,"家居饰品,装饰器皿,音乐盒"
50021244,包装胶带,"包装,物流包装,包装胶带"
50021247,警示胶带,"包装,物流包装,警示胶带"
50021289,捆绑带,"包装,物流包装,捆绑带"
50021292,束线带,"办公设备/耗材/相关服务,绳索/扎带/办公线材,束线带"
50021293,捆扎绳,"包装,物流包装,捆扎绳"
50021302,棉签/棉棒/棉包,"家庭/个人清洁工具,个人洗护清洁用具,棉签/棉棒/棉包"
50021304,洗脸刷/化妆刷,"家庭/个人清洁工具,个人洗护清洁用具,洗脸刷/化妆刷"
50021309,挂锁,"基础建材,家用五金,锁具,挂锁"
50021420,装饰灯,"节庆用品/礼品,装饰灯"
50021540,卷尺,"五金/工具,手动工具,测量工具,卷尺"
50021756,小拉手,"基础建材,家用五金,拉手,小拉手"
50021852,喷瓶/面霜分装瓶,"家庭/个人清洁工具,个人洗护清洁用具,喷瓶/面霜分装瓶"
50021863,美工刀,"五金/工具,手动工具,刀,美工刀"
50021878,花瓶,"家居饰品,花瓶/花器/仿真花/仿真饰品,花器/花瓶,花瓶"
50021881,花篮,"家居饰品,花瓶/花器/仿真花/仿真饰品,花器/花瓶,花篮"
50021932,台钟/闹钟,"家居饰品,家居钟饰/闹钟,台钟/闹钟"
50021953,创意门挡,"家居饰品,创意饰品,创意门挡"
50022385,牙签筒,"餐饮具,餐具,配套瓷器,牙签筒"
50022393,滤水器/净水器,"厨房/烹饪用具,厨用小工具/厨房储物,滤水器/净水器"
50022426,盘发器,"家庭/个人清洁工具,个人洗护清洁用具,盘发器"
50022428,发圈/发网,"家庭/个人清洁工具,个人洗护清洁用具,发圈/发网"
50022526,保鲜膜,"餐饮具,一次性餐桌用品,保鲜膜"
50022531,一次性桌布,"餐饮具,一次性餐桌用品,一次性桌布"
50022669,杯垫,"居家布艺,缝纫DIY材料、工具及成品,布艺DIY成品,杯垫"
50022671,笔筒,"居家布艺,缝纫DIY材料、工具及成品,布艺DIY成品,笔筒"
50022677,护手霜,"洗护清洁剂/卫生巾/纸/香薰,身体护理,护手霜"
50022701,窗帘绑带,"居家布艺,窗帘门帘及配件,辅料配件,窗帘绑带"
50022702,香熏/精油皂,"洗护清洁剂/卫生巾/纸/香薰,香熏用品,香熏/精油皂"
50023166,卡套,"收纳整理,家庭收纳用具,收纳套,卡套"
50023167,首饰架,"收纳整理,家庭收纳用具,收纳架,首饰架"
50023169,化妆包,"收纳整理,家庭收纳用具,收纳包,化妆包"
50023171,收纳挂袋,"收纳整理,家庭收纳用具,收纳袋,收纳挂袋"
50023172,收纳凳,"收纳整理,家庭收纳用具,收纳凳"
50023180,收纳瓶,"收纳整理,家庭收纳用具,收纳瓶"
50023190,理线器/集线器/绕线器,"收纳整理,家庭整理用具,理线器/集线器/绕线器"
50023200,夹子/收纳夹子,"收纳整理,家庭整理用具,夹子/收纳夹子"
50023201,整理隔板,"收纳整理,家庭整理用具,整理隔板"
50023202,整理架/置物架/收纳架,"收纳整理,家庭整理用具,整理架/置物架/收纳架"
50023244,被子防尘袋,"收纳整理,家庭防尘用具,被子防尘袋"
50023245,大衣/西服罩,"收纳整理,家庭防尘用具,大衣/西服罩"
50023246,鞋罩/靴罩/鞋袋,"收纳整理,家庭防尘用具,鞋罩/靴罩/鞋袋"
50023248,电扇/风扇防尘罩,"收纳整理,家庭防尘用具,电扇/风扇防尘罩"
50023268,衣架,"商业/办公家具,服装店家具,衣架"
50023383,创意礼品,"家居饰品,创意饰品,创意礼品"
50023407,柜镜/梳妆镜,"家庭/个人清洁工具,卫浴/置物用具,非便携式用镜,柜镜/梳妆镜"
50023513,手工创意粘贴类,"玩具/童车/益智/积木/模型,手工制作/创意DIY,手工创意粘贴类"
50023615,其它,"孕妇装/孕产妇用品/营养,家居服/哺乳装/秋衣裤,其它"
50023725,邮费,"其他,邮费"
50024629,其它美发工具,"个人护理/保健/按摩器材,美发工具,其它美发工具"
50024643,切割/雕刻垫板,"电子词典/电纸书/文化用品,裁剪用品,切割/雕刻垫板"
50024648,计划表,"电子词典/电纸书/文化用品,教学演示/展示告示用品,计划表"
50024657,铅笔,"电子词典/电纸书/文化用品,笔类/书写工具,铅笔"
50024676,阅读台灯(护眼灯/写字灯),"家装灯饰光源,灯具灯饰,台灯,阅读台灯(护眼灯/写字灯)"
50024779,碟,"餐饮具,餐具,碟"
50024783,餐垫,"餐饮具,餐具,餐垫"
50024799,椅垫,"居家布艺,坐垫/椅垫/沙发垫,椅垫"
50024813,其它灯具灯饰,"家装灯饰光源,灯具灯饰,其它灯具灯饰"
50024815,耳夹,"饰品/流行首饰/时尚饰品新,耳饰,耳夹"
50025692,其它,"水产肉类/新鲜蔬果/熟食,海鲜/水产品/制品,其它"
50025791,抹布,"家庭/个人清洁工具,家务/地板清洁用具,抹布"
50025793,钢丝球,"家庭/个人清洁工具,家务/地板清洁用具,钢丝球"
50025798,海绵擦,"家庭/个人清洁工具,家务/地板清洁用具,海绵擦"
50025801,地垫,"家庭/个人清洁工具,卫浴/置物用具,地垫"
50025806,过滤器/净水器,"家庭/个人清洁工具,卫浴/置物用具,过滤器/净水器"
50025810,夹子,"收纳整理,衣物洗/晒/护理用具,夹子"
50025811,小型晒衣架,"收纳整理,衣物洗/晒/护理用具,小型晒衣架"
50025814,领带架,"收纳整理,衣物洗/晒/护理用具,领带架"
50025820,叠衣板,"收纳整理,衣物洗/晒/护理用具,叠衣板"
50025821,除尘刷,"收纳整理,衣物洗/晒/护理用具,除尘刷"
50025843,保暖手套,"居家日用,保暖贴/怀炉/保暖用品,保暖手套"
50025845,桌上暖垫,"居家日用,保暖贴/怀炉/保暖用品,桌上暖垫"
50025847,居家鞋,"居家日用,鞋用品,居家鞋"
50025848,发热鞋垫,"居家日用,保暖贴/怀炉/保暖用品,发热鞋垫"
50025849,暖风机,"居家日用,保暖贴/怀炉/保暖用品,暖风机"
50025852,圣诞袜,"节庆用品/礼品,圣诞用品/礼品/装饰品,圣诞袜"
50025856,圣诞礼品,"节庆用品/礼品,圣诞用品/礼品/装饰品,圣诞礼品"
50025857,圣诞装饰品,"节庆用品/礼品,圣诞用品/礼品/装饰品,圣诞装饰品"
50025858,门幅,"节庆用品/礼品,门幅"
50025860,节日装扮用品,"节庆用品/礼品,节日装扮用品"
50025866,风铃及配件,"节庆用品/礼品,创意礼品,风铃及配件"
50025895,抽气泵,"收纳整理,家庭整理用具,抽气泵"
50025896,桌脚垫,"收纳整理,家庭整理用具,桌脚垫"
50025899,餐桌罩,"收纳整理,家庭防尘用具,餐桌罩"
50025912,保温包,"收纳整理,家庭收纳用具,收纳袋,保温包"
50025914,药盒,"收纳整理,家庭收纳用具,收纳盒,药盒"
50025918,纸巾盒,"收纳整理,家庭收纳用具,收纳盒,纸巾盒"
50025919,首饰盒,"收纳整理,家庭收纳用具,收纳盒,首饰盒"
50025920,牙签盒,"收纳整理,家庭收纳用具,收纳盒,牙签盒"
50025921,文具收纳盒,"收纳整理,家庭收纳用具,收纳盒,文具收纳盒"
50025922,桌面收纳盒,"收纳整理,家庭收纳用具,收纳盒,桌面收纳盒"
50025923,其他收纳盒,"收纳整理,家庭收纳用具,收纳盒,其他收纳盒"
50025937,其他收纳袋,"收纳整理,家庭收纳用具,收纳袋,其他收纳袋"
50025938,其他收纳篮,"收纳整理,家庭收纳用具,收纳篮,其他收纳篮"
50025942,食物收纳盒,"收纳整理,家庭收纳用具,收纳盒,食物收纳盒"
50025943,内衣收纳盒,"收纳整理,家庭收纳用具,收纳盒,内衣收纳盒"
50025944,卫生巾收纳包,"收纳整理,家庭收纳用具,收纳包,卫生巾收纳包"
50025956,笔筒,"收纳整理,家庭收纳用具,收纳罐,笔筒"
50026276,绳子,"收纳整理,家庭整理用具,绳子"
50026360,冰贴,"居家日用,扇/迷你风扇/配件/冰垫/冰贴,冰贴"
50026402,防潮垫/抽屉垫,"居家日用,伞/雨具/防雨/防潮,防潮垫/抽屉垫"
50026403,香包/香囊,"居家日用,香包/香囊"
50026437,冰垫,"居家日用,扇/迷你风扇/配件/冰垫/冰贴,冰垫"
50026455,其它,"孕妇装/孕产妇用品/营养,孕产妇护肤/洗护/祛纹,其它"
50026470,其它,"孕妇装/孕产妇用品/营养,孕产妇营养品,其它"
50026477,其它,"孕妇装/孕产妇用品/营养,月子营养,其它"
50026520,防霉防蛀,"居家日用,驱虫用品,防霉防蛀"
50050366,手机数据线,"3C数码配件,手机配件,手机数据线"
50050670,其它,"水产肉类/新鲜蔬果/熟食,生肉/肉制品,鸽类,其它"
50050671,其它,"水产肉类/新鲜蔬果/熟食,生肉/肉制品,鸭肉类,其它"
50050677,其它,"水产肉类/新鲜蔬果/熟食,生肉/肉制品,牛肉类,其它"
50050680,其它,"水产肉类/新鲜蔬果/熟食,生肉/肉制品,鸡肉类,其它"
50050681,其它,"水产肉类/新鲜蔬果/熟食,生肉/肉制品,羊肉类,其它"
50050686,其它,"水产肉类/新鲜蔬果/熟食,生肉/肉制品,猪肉类,其它"
50074004,水彩颜料,"电子词典/电纸书/文化用品,画具/画材/书法用品,水彩颜料"
50102001,宣纸,"电子词典/电纸书/文化用品,画具/画材/书法用品,宣纸"
50132003,袖套,"童装/婴儿装/亲子装,帽子/围巾/口罩/手套/耳套/脚套,袖套"
50152003,其它,"玩具/童车/益智/积木/模型,电动/遥控/惯性/发条玩具,其它"
50158004,其它,"模玩/动漫/周边/cos/桌游,聚会/魔术/演出用品,其它"
50246001,其它,"服务商品,其它"
50268002,其它,"景点门票/演艺演出/周边游,景点门票（发布已关闭）,海外,其它"
50322001,洗衣机槽清洁剂,"洗护清洁剂/卫生巾/纸/香薰,家庭环境清洁剂,洗衣机槽清洁剂"
50444007,笔筒,"古董/邮币/字画/收藏,文房用品/文具,笔筒/笔具,笔筒"
50444020,鞋/靴干洗剂,"洗护清洁剂/卫生巾/纸/香薰,家私/皮具护理品,鞋/靴干洗剂"
50450001,贴纸,"古董/邮币/字画/收藏,趣味收藏,贴纸"
50456008,信纸,"古董/邮币/字画/收藏,文房用品/文具,纸/纸具,信纸"
50460022,其它,"洗护清洁剂/卫生巾/纸/香薰,其它"
50462005,宣纸,"古董/邮币/字画/收藏,文房用品/文具,纸/纸具,宣纸"
50464020,开瓶器,"古董/邮币/字画/收藏,烟具/酒具,酒瓶/酒具,开瓶器"
50532002,遥控器防尘套,"收纳整理,家庭防尘用具,遥控器防尘套"
50540001,开关防尘贴,"收纳整理,家庭防尘用具,开关防尘贴"
50542001,空调防尘罩,"收纳整理,家庭防尘用具,空调防尘罩"
50600002,厨卫龙头配件,"家装主材,卫浴用品,卫浴配件,厨卫龙头配件"
70000446,其它,"数字阅读,电子书/出版物,低于5元专区,其它"
70000537,其它,"数字阅读,电子书/出版物,外语/语言文字,其它"
121364007,指甲彩妆,"彩妆/香水/美妆工具,指甲油/美甲产品（新）,指甲彩妆"
121364032,碗,"宠物/宠物食品及用品,猫/狗日用品,碗"
121364034,摆件,"古董/邮币/字画/收藏,陶/瓷/瓷片,瓷,摆件"
121364037,摆件,"古董/邮币/字画/收藏,西洋收藏品（新）,摆件"
121364038,发饰,"古董/邮币/字画/收藏,玉石,紫牙乌/石榴石（新）,发饰"
121364041,发饰,"珠宝/钻石/翡翠/黄金,其他天然玉石,祁连玉/酒泉玉（新）,发饰"
121366024,暖宝宝贴,"户外/登山/野营/旅行用品,防护/救生装备,取暖用品,暖宝宝贴"
121366026,笔架,"电子词典/电纸书/文化用品,收纳/陈列用品,笔架"
121368004,手链,"童装/婴儿装/亲子装,儿童配饰,手链"
121368033,铲子,"鲜花速递/花卉仿真/绿植园艺,园艺用品,铲/耙/锹/锄（新）,铲子"
121370007,袖套,"家庭/个人清洁工具,家务/地板清洁用具,袖套"
121370008,围裙,"家庭/个人清洁工具,家务/地板清洁用具,围裙"
121370009,浴刷,"家庭/个人清洁工具,个人洗护清洁用具,浴刷"
121370023,胶带,"乐器/吉他/钢琴/配件,乐器配件,胶带"
121370042,发饰,"古董/邮币/字画/收藏,玉石,刚玉（新）,发饰"
121380038,发饰,"古董/邮币/字画/收藏,玉石,碧玺（新）,发饰"
121380044,发饰,"珠宝/钻石/翡翠/黄金,其他天然玉石,汉白玉,发饰"
121384010,购物篮,"收纳整理,家庭收纳用具,收纳篮,购物篮"
121384015,缝纫DIY工具套装,"居家布艺,缝纫DIY材料、工具及成品,缝纫DIY工具套装"
121384048,发饰,"珠宝/钻石/翡翠/黄金,其他天然玉石,黄龙玉（新）,发饰"
121384049,发饰,"古董/邮币/字画/收藏,玉石,玛瑙（新）,发饰"
121386014,笔筒,"电子词典/电纸书/文化用品,收纳/陈列用品,笔筒"
121386019,信纸,"电子词典/电纸书/文化用品,纸张本册,信纸"
121386034,首饰盒,"饰品/流行首饰/时尚饰品新,首饰收纳,首饰盒"
121388022,文件夹,"电子词典/电纸书/文化用品,收纳/陈列用品,文件夹"
121388028,冰箱磁性贴,"家居饰品,贴饰,冰箱磁性贴"
121390011,可爱印泥,"电子词典/电纸书/文化用品,日常学习用品,可爱印泥"
121390021,发饰,"珠宝/钻石/翡翠/黄金,其他天然玉石,东陵石(新),发饰"
121390023,发饰,"珠宝/钻石/翡翠/黄金,其他天然玉石,岫岩玉（新）,发饰"
121392041,台历,"古董/邮币/字画/收藏,趣味收藏,台历"
121392043,摆件,"古董/邮币/字画/收藏,金属/搪瓷器具,银器（新）,摆件"
121392049,发饰,"珠宝/钻石/翡翠/黄金,其他天然玉石,阿富汗玉,发饰"
121394030,摆件,"古董/邮币/字画/收藏,金属/搪瓷器具,铁/钢器具（新）,摆件"
121396004,鞋撑,"居家日用,鞋用品,鞋撑"
121398014,暖手宝,"居家日用,保暖贴/怀炉/保暖用品,暖手宝"
121398023,贴纸,"玩具/童车/益智/积木/模型,早教/智能玩具,贴纸"
121400005,卡包,"箱包皮具/热销女包/男包,卡包"
121400006,卡套,"箱包皮具/热销女包/男包,卡套"
121400014,杯子,"厨房/烹饪用具,烧烤/烘焙用具,烘培DIY器具,杯子"
121402036,发饰,"古董/邮币/字画/收藏,玉石,锆石（新）,发饰"
121404019,陀螺,"玩具/童车/益智/积木/模型,户外运动/休闲/传统玩具,陀螺"
121404022,洗漱杯,"家庭/个人清洁工具,卫浴/置物用具,洗漱杯"
121406031,绳,"饰品/流行首饰/时尚饰品新,DIY配件,绳"
121406038,杯子,"宠物/宠物食品及用品,猫/狗日用品,杯子"
121406047,发饰,"古董/邮币/字画/收藏,玉石,其它玉石（新）,发饰"
121406048,发饰,"古董/邮币/字画/收藏,玉石,橄榄石（新）,发饰"
121408017,鞋带,"户外/登山/野营/旅行用品,军迷服饰/军迷用品,军迷鞋靴,鞋带"
121408018,热水袋,"居家日用,热水袋"
121408047,发饰,"古董/邮币/字画/收藏,玉石,祖母绿（新）,发饰"
121408053,发饰,"珠宝/钻石/翡翠/黄金,其他天然玉石,青海玉/昆仑玉（新）,发饰"
121410006,鞋垫,"童鞋/婴儿鞋/亲子鞋,鞋配件,鞋垫"
121410012,剪刀,"居家布艺,缝纫DIY材料、工具及成品,剪刀"
121410032,创意零钱包,"节庆用品/礼品,创意礼品,创意零钱包"
121410036,发饰,"珠宝/钻石/翡翠/黄金,其他天然玉石,发饰"
121410044,碗,"古董/邮币/字画/收藏,金属/搪瓷器具,搪瓷（新）,碗"
121412007,项链,"童装/婴儿装/亲子装,儿童配饰,项链"
121412018,手机袋,"运动包/户外包/配件,防水箱包,手机袋"
121412049,杯套,"餐饮具,杯子/水杯/水壶,杯套"
121414012,皂盒,"美容护肤/美体/精油,精油芳疗,精油芳疗用具,皂盒"
121414017,笔袋,"玩具/童车/益智/积木/模型,学习/实验/绘画文具,笔袋"
121414027,购物篮,"商业/办公家具,超市家具,购物篮"
121416015,学生用印,"电子词典/电纸书/文化用品,日常学习用品,学生用印"
121416021,鞋带,"运动包/户外包/配件,鞋带"
121420017,量勺,"厨房/烹饪用具,烧烤/烘焙用具,烘培DIY器具,量勺"
121420019,暖手宝,"户外/登山/野营/旅行用品,防护/救生装备,取暖用品,暖手宝"
121420023,卡包,"运动包/户外包/配件,钱包卡套,卡包"
121420036,剪刀,"鲜花速递/花卉仿真/绿植园艺,园艺用品,园艺/刀/剪/锯（新）,剪刀"
121422011,尺子,"居家布艺,缝纫DIY材料、工具及成品,尺子"
121422014,餐垫,"居家布艺,餐桌布艺,餐垫"
121422022,台历,"电子词典/电纸书/文化用品,印刷制品,台历"
121422042,发饰,"古董/邮币/字画/收藏,玉石,独山玉（新）,发饰"
121422046,杯子,"古董/邮币/字画/收藏,金属/搪瓷器具,搪瓷（新）,杯子"
121422051,发饰,"珠宝/钻石/翡翠/黄金,其他天然玉石,晶白玉/京白玉（新）,发饰"
121424004,胶水,"基础建材,配件专区,贴墙纸配件,胶水"
121424006,鞋带,"童鞋/婴儿鞋/亲子鞋,鞋配件,鞋带"
121424017,文件袋,"玩具/童车/益智/积木/模型,学习/实验/绘画文具,文件袋"
121426014,吸尘器,"家庭/个人清洁工具,家务/地板清洁用具,吸尘器"
121426019,鞋油,"户外/登山/野营/旅行用品,军迷服饰/军迷用品,军迷鞋靴,鞋油"
121426035,剪刀,"鲜花速递/花卉仿真/绿植园艺,花艺包装/材料,制作材料（新）,剪刀"
121426042,摆件,"古董/邮币/字画/收藏,金属/搪瓷器具,铝器（新）,摆件"
121434039,摆件,"古董/邮币/字画/收藏,手工艺/民俗,琉璃（新）,摆件"
121434056,发饰,"古董/邮币/字画/收藏,玉石,孔雀石（新）,发饰"
121448004,围裙套装,"家庭/个人清洁工具,家务/地板清洁用具,围裙套装"
121448007,背带,"童装/婴儿装/亲子装,儿童配饰,背带"
121448031,花篮,"鲜花速递/花卉仿真/绿植园艺,花瓶/花器/花盆/花架（新）,花篮"
121450017,冰包,"户外/登山/野营/旅行用品,炉具/餐具/野餐烧烤用品,冰包/冰桶,冰包"
121452007,护手霜,"美容护肤/美体/精油,手部保养（新）,护手霜"
121452008,画板,"玩具/童车/益智/积木/模型,绘画类用品,画板"
121452009,文具盒,"玩具/童车/益智/积木/模型,学习/实验/绘画文具,文具盒"
121452036,发饰,"珠宝/钻石/翡翠/黄金,其他天然玉石,马来玉（新）,发饰"
121452037,发饰,"珠宝/钻石/翡翠/黄金,其他天然玉石,巴玉（新）,发饰"
121454006,国产腕表,"手表,国产腕表"
121454036,剪刀,"鲜花速递/花卉仿真/绿植园艺,花艺包装/材料,制作工具（新）,剪刀"
121456012,香薰炉,"美容护肤/美体/精油,精油芳疗,精油芳疗用具,香薰炉"
121456022,台历,"居家日用,台历"
121458013,桌布,"居家布艺,餐桌布艺,桌布"
121458019,笔袋,"电子词典/电纸书/文化用品,日常学习用品,笔袋"
121458020,信封,"电子词典/电纸书/文化用品,纸张本册,信封"
121460005,美甲工具,"彩妆/香水/美妆工具,美甲工具"
121460031,花瓶,"鲜花速递/花卉仿真/绿植园艺,花瓶/花器/花盆/花架（新）,花瓶"
121460034,碟,"古董/邮币/字画/收藏,陶/瓷/瓷片,陶,碟"
121460035,碗,"古董/邮币/字画/收藏,陶/瓷/瓷片,瓷,碗"
121460038,发饰,"珠宝/钻石/翡翠/黄金,其他天然玉石,乌兰翠（新）,发饰"
121462002,眼镜盒,"ZIPPO/瑞士军刀/眼镜,眼镜配件、护理剂,眼镜盒"
121462022,鞋垫,"户外/登山/野营/旅行用品,军迷服饰/军迷用品,军迷鞋靴,鞋垫"
121462052,发饰,"古董/邮币/字画/收藏,玉石,青金石（新）,发饰"
121464014,胶棒,"电子词典/电纸书/文化用品,胶粘用品,胶棒"
121464015,文件袋,"电子词典/电纸书/文化用品,收纳/陈列用品,文件袋"
121466003,沐浴球,"家庭/个人清洁工具,个人洗护清洁用具,沐浴球"
121466005,发饰,"童装/婴儿装/亲子装,儿童配饰,发饰"
121466014,桌面清洁套装,"家庭/个人清洁工具,家务/地板清洁用具,桌面清洁套装"
121466019,修正带,"电子词典/电纸书/文化用品,日常学习用品,修正带"
121466037,摆件,"汽车/用品/配件/改装,汽车用品/内饰品,摆件"
121466045,花瓶,"古董/邮币/字画/收藏,紫砂（新）,花瓶"
121466048,发饰,"珠宝/钻石/翡翠/黄金,其他天然玉石,俄罗斯玉（新）,发饰"
121468017,笔筒,"玩具/童车/益智/积木/模型,学习/实验/绘画文具,笔筒"
121470021,文具盒,"电子词典/电纸书/文化用品,日常学习用品,文具盒"
121470049,发饰,"古董/邮币/字画/收藏,玉石,绿松石（新）,发饰"
121472002,封口夹,"厨房/烹饪用具,厨用小工具/厨房储物,封口夹"
121472017,胶水,"电子词典/电纸书/文化用品,胶粘用品,胶水"
121472044,发饰,"珠宝/钻石/翡翠/黄金,其他天然玉石,蓝田玉（新）,发饰"
121474025,胶水,"彩妆/香水/美妆工具,其他美容工具,假睫毛工具,胶水"
121474038,胶水,"鲜花速递/花卉仿真/绿植园艺,花艺包装/材料,制作工具（新）,胶水"
121474039,胶带,"鲜花速递/花卉仿真/绿植园艺,花艺包装/材料,制作工具（新）,胶带"
121478001,浴擦,"家庭/个人清洁工具,个人洗护清洁用具,浴擦"
121478018,鞋油,"运动包/户外包/配件,鞋油"
121478039,碗,"古董/邮币/字画/收藏,陶/瓷/瓷片,陶,碗"
121480019,贴纸,"电子词典/电纸书/文化用品,纸张本册,贴纸"
121480044,发饰,"古董/邮币/字画/收藏,玉石,拉长石（新）,发饰"
121484001,台历,"玩具/童车/益智/积木/模型,宝宝纪念品/个性产品,台历"
121484034,发饰,"宠物/宠物食品及用品,宠物服饰及配件,服装/用品定做（新）,发饰"
122616006,动漫卡牌/挂件/文具,"模玩/动漫/周边/cos/桌游,卡通/动漫周边,动漫卡牌/挂件/文具"
122646003,胶棒,"电动车/配件/交通工具,电动车维修工具,胶棒"
122766001,防蚊水,"尿片/洗护/喂哺/推车床,驱蚊用品,防蚊水"
123018003,手巾/手帕,"居家日用,毛巾/浴巾/浴袍,手巾/手帕"
123040002,毛巾/面巾,"居家日用,毛巾/浴巾/浴袍,毛巾/面巾"
123242003,智能排插,"智能设备,智能家庭,智能排插"
123522001,线盒,"户外/登山/野营/旅行用品,垂钓装备,线盒"
123532001,手机镜头,"3C数码配件,手机配件,手机拍照配件,手机镜头"
123534001,自拍杆/架,"3C数码配件,手机配件,手机拍照配件,自拍杆/架"
123552001,抄网头,"户外/登山/野营/旅行用品,垂钓装备,抄网头"
124222008,练字帖/练字板,"电子词典/电纸书/文化用品,日常学习用品,练字帖/练字板"
124482006,铲子,"农机/农具/农膜,农业工具,铲子"
124540003,铲子,"农业生产资料（农村淘宝专用）,种植器具,铲子"
124562009,其它,"粮油米面/南北干货/调味品,烘焙原料/辅料/食品添加剂-新,烘培原料,其它"
124688014,首饰盒,"俪人购(俪人购专用),配饰,首饰盒"
124688018,女士包袋,"俪人购(俪人购专用),包,女士包袋"
124694019,钥匙扣,"俪人购(俪人购专用),配饰,钥匙扣"
124752021,手套,"俪人购(俪人购专用),配饰,手套"
125036002,项链,"俪人购(俪人购专用),配饰,项链"
125058002,手链,"俪人购(俪人购专用),配饰,手链"
125084001,伞,"俪人购(俪人购专用),家居家纺,伞"
125220011,服饰包装,"包装,日用品包装,服饰包装"
125252011,茶叶包装,"包装,食品包装,茶叶包装"
125590006,拖鞋,"全球购代购市场,C2B,童鞋/婴儿鞋/亲子鞋,拖鞋"
125596005,卡包,"全球购代购市场,C2B,箱包皮具/热销女包/男包,卡包"
125596006,女士包袋,"全球购代购市场,C2B,箱包皮具/热销女包/男包,女士包袋"
125606003,拖鞋,"全球购代购市场,C2B,女鞋,拖鞋"
125610003,拖鞋,"全球购代购市场,C2B,流行男鞋,拖鞋"
125626007,卡套,"全球购代购市场,C2B,箱包皮具/热销女包/男包,卡套"
125662010,耳套,"全球购代购市场,C2B,服饰配件/皮带/帽子/围巾,耳套"
125666005,手套,"全球购代购市场,C2B,服饰配件/皮带/帽子/围巾,手套"
125666012,摆件,"全球购代购市场,C2B,饰品/流行首饰/时尚饰品新,摆件"
125668002,手机保护套/壳,"全球购代购市场,C2B,3C数码配件,手机保护套/壳"
125668016,牙线/牙线棒,"全球购代购市场,C2B,洗护清洁剂/卫生巾/纸/香薰,牙线/牙线棒"
125672010,身体彩绘,"全球购代购市场,C2B,彩妆/香水/美妆工具,身体彩绘"
125672012,牙刷/口腔清洁工具,"全球购代购市场,C2B,洗护清洁剂/卫生巾/纸/香薰,牙刷/口腔清洁工具"
125672013,清凉油/防暑/醒神药油,"全球购代购市场,C2B,洗护清洁剂/卫生巾/纸/香薰,清凉油/防暑/醒神药油"
125680006,体重秤/健康秤,"全球购代购市场,C2B,个人护理/保健/按摩器材,体重秤/健康秤"
125682012,国产腕表,"全球购代购市场,C2B,手表,国产腕表"
125684011,胸针,"全球购代购市场,C2B,饰品/流行首饰/时尚饰品新,胸针"
125690004,毛巾/面巾,"全球购代购市场,C2B,居家布艺,毛巾/面巾"
125690014,手套,"全球购代购市场,C2B,童装/婴儿装/亲子装,手套"
125690021,项链,"全球购代购市场,C2B,饰品/流行首饰/时尚饰品新,项链"
125694013,手链,"全球购代购市场,C2B,饰品/流行首饰/时尚饰品新,手链"
125702006,地垫,"全球购代购市场,C2B,居家布艺,地垫"
125706011,肩带,"全球购代购市场,C2B,女士内衣/男士内衣/家居服,肩带"
125706020,耳夹,"全球购代购市场,C2B,饰品/流行首饰/时尚饰品新,耳夹"
125708007,围巾/丝巾/披肩,"全球购代购市场,C2B,服饰配件/皮带/帽子/围巾,围巾/丝巾/披肩"
125710003,加湿器,"全球购代购市场,C2B,生活电器,加湿器"
125710012,美甲工具,"全球购代购市场,C2B,彩妆/香水/美妆工具,美甲工具"
125712011,发饰,"全球购代购市场,C2B,饰品/流行首饰/时尚饰品新,发饰"
125714007,耳机/耳麦,"全球购代购市场,C2B,影音电器,耳机/耳麦"
125714009,摆件,"全球购代购市场,C2B,家居饰品,摆件"
125716016,戒指/指环,"全球购代购市场,C2B,饰品/流行首饰/时尚饰品新,戒指/指环"
125724005,枕头/枕芯/保健枕/颈椎枕,"全球购代购市场,C2B,床上用品,枕头/枕芯/保健枕/颈椎枕"
125726007,短袜/打底袜/丝袜/美腿袜,"全球购代购市场,C2B,女士内衣/男士内衣/家居服,短袜/打底袜/丝袜/美腿袜"
125726012,护手霜,"全球购代购市场,C2B,洗护清洁剂/卫生巾/纸/香薰,护手霜"
125852005,随手杯,"全球购代购市场,C2B,家居日百,随手杯"
126200006,创意/整蛊玩具,"盒马,玩具/图书,电动/摇动/发条玩具,创意/整蛊玩具"
126200351,手帕纸,"盒马,纸制品,面纸巾,手帕纸"
126200394,抹布,"盒马,清洁用品,清洁工具,抹布"
126200396,家务手套,"盒马,清洁用品,清洁工具,家务手套"
126200399,垃圾桶,"盒马,清洁用品,清洁工具,垃圾桶"
126200400,钢丝球,"盒马,清洁用品,清洁工具,钢丝球"
126200403,保鲜膜,"盒马,一次性用品,保鲜膜／袋类,保鲜膜"
126200406,垃圾袋,"盒马,一次性用品,垃圾用品,垃圾袋"
126200407,手套,"盒马,一次性用品,防护用品,手套"
126200408,桌布,"盒马,一次性用品,防护用品,桌布"
126200412,杯子,"盒马,一次性用品,餐厅用品,杯子"
126200415,筷子,"盒马,一次性用品,餐厅用品,筷子"
126200438,口罩,"盒马,日用百货,家居用品,口罩"
126200461,拖鞋,"盒马,日用百货,家纺,拖鞋"
126200605,其它,"盒马,盒马外卖正餐类,汤品,其它"
126554390,其它,"天猫零售O2O,生鲜-1,其它"
126784100,修正带,"盒马,办公/文教,学生书写工具类,修正带"
126784101,橡皮,"盒马,办公/文教,学生书写工具类,橡皮"
126784109,袖套,"盒马,服饰配件,袖套,袖套"
126784114,鞋套,"盒马,鞋,鞋用品,鞋套"
126784116,鞋垫,"盒马,鞋,鞋用品,鞋垫"
126784117,鞋刷/鞋擦,"盒马,鞋,鞋用品,鞋刷/鞋擦"
126784119,居家鞋,"盒马,鞋,鞋用品,居家鞋"
126784120,鞋撑,"盒马,鞋,鞋用品,鞋撑"
126784179,拖鞋,"盒马,鞋,童鞋,拖鞋"
126784201,挂锁,"盒马,五金/汽车用品,锁,挂锁"
126784248,手套,"盒马,服饰配件,手套,手套"
126784255,手机挂件/手机链,"盒马,3C数码,手机配件,手机挂件/手机链"
126784257,手机保护套/壳,"盒马,3C数码,手机配件,手机保护套/壳"
126784260,移动电源,"盒马,3C数码,手机配件,移动电源"
126784261,手机数据线,"盒马,3C数码,手机配件,手机数据线"
126784292,暖风机,"盒马,生活电器,取暖设备,暖风机"
126784349,拖鞋,"盒马,鞋,女鞋,拖鞋"
126784406,短袜/打底袜/丝袜/美腿袜,"盒马,女士内衣/男士内衣/家居,内衣,短袜/打底袜/丝袜/美腿袜"
126784411,肩带,"盒马,女士内衣/男士内衣/家居,内衣,肩带"
126784436,拖鞋,"盒马,鞋,男鞋,拖鞋"
126784532,毛球修剪器,"盒马,个人护理/保健/按摩器材,家庭护理小家电,毛球修剪器"
126784594,宣纸,"盒马,办公/文教,绘画/美术用纸,宣纸"
126784598,水彩笔,"盒马,办公/文教,绘画/美术用笔,水彩笔"
126784673,耳机/耳麦,"盒马,3C数码,电脑配件,耳机/耳麦"
126784744,小夜灯,"盒马,五金/汽车用品,灯具,小夜灯"
126784801,遥控器,"盒马,五金/汽车用品,常用配件,遥控器"
126784824,卷尺,"盒马,办公/文教,测绘用品,卷尺"
126784827,圆规,"盒马,办公/文教,测绘用品,圆规"
126784840,圆珠笔,"盒马,办公/文教,笔类,圆珠笔"
126784841,铅笔,"盒马,办公/文教,笔类,铅笔"
126784842,荧光笔,"盒马,办公/文教,笔类,荧光笔"
126784843,白板笔,"盒马,办公/文教,笔类,白板笔"
126784844,记号笔,"盒马,办公/文教,笔类,记号笔"
126784851,钢笔,"盒马,办公/文教,笔类,钢笔"
126784853,笔袋,"盒马,办公/文教,笔袋,笔袋"
126784876,计算器,"盒马,办公/文教,办公用品,计算器"
127218008,其它,"自用闲置转让,其它房源,其它"
127342005,女士包袋,"自用闲置转让,闲鱼优品,箱包,女士包袋"
127414001,胶带切割器,"电子词典/电纸书/文化用品,日常学习用品,胶带切割器"
127484001,和纸胶带,"电子词典/电纸书/文化用品,胶粘用品,和纸胶带"
127532056,洗发杯/水勺,"盒马,婴幼儿用品,婴儿卫浴用具,洗发杯/水勺"
127532094,保温杯,"盒马,婴幼儿用品,哺育喂养,保温杯"
127656021,布贴,"纺织面料/辅料/配套,纺织辅料,布贴"
127680001,吸油垫/吸油棉/吸油毡,"标准件/零部件/工业耗材,车间保护,吸油垫/吸油棉/吸油毡"
127784003,吸尘器,"自用闲置转让,闲鱼优品,生活家电,吸尘器"
127786003,加湿器,"自用闲置转让,闲鱼优品,生活家电,加湿器"
127874007,纸盒,"包装,纸类包装,纸盒"
127886008,纸桶,"包装,纸类包装,纸桶"
127912007,木托盘,"包装,托盘/底座,木托盘"
201143801,吸尘器,"闲鱼优品,小家电,生活电器,吸尘器"
